run_id,utc_time,base_seed,score,failed,transit_frequency_mult,congestion_toll,road_capacity_scale,avg_travel_time,total_energy,mean_congestion,congestion_p95,total_emissions
1,2025-12-31T03:11:31.147504+00:00,42,724129.2190602755,0,1.3191648388447708,2.1943921987602617,1.143439167964553,526.9836596616732,2887276.6666442677,171.72237975344365,1400.0294264123083,0.0
2,2025-12-31T03:11:32.756789+00:00,42,721220.7203724385,0,1.2578944232474911,0.47088673943824766,1.1902489406547023,505.4486450745589,2875711.777539654,151.48059252082095,1413.6991557816239,0.0
3,2025-12-31T03:11:34.475195+00:00,42,788534.2893118421,0,1.3089117615922823,3.930321526384769,0.8512454530702184,502.9147757910821,3144830.2842093105,159.23695445806834,1440.2177592071139,0.0
4,2025-12-31T03:11:36.344985+00:00,42,793124.5446231832,0,1.0603087503164537,1.8539901211629062,1.1707059955394408,542.5054005712559,3162423.3987645335,174.5602980916103,1559.5444605197094,0.0
5,2025-12-31T03:11:37.923672+00:00,42,751984.5505299205,0,1.2150920960645317,4.113808066354149,0.9773656795309325,504.58552443814443,2998725.347855793,155.7415325779969,1420.985934989411,0.0
6,2025-12-31T03:11:39.669590+00:00,42,753142.4859352715,0,0.8817909774278214,2.772923935079174,0.8255269024416702,532.9659357440501,3002351.8937418773,173.67108205315955,1597.7865956885873,0.0
7,2025-12-31T03:11:41.428092+00:00,42,785253.9815425588,0,1.3621049375940657,3.1583219956103243,1.1032350960341495,530.8125647892813,3131258.245386994,171.5903021140114,1504.7112081270384,0.0
1,2025-12-31T03:11:48.298575+00:00,42,723054.8036452002,0,1.3191648388447708,2.1943921987602617,1.143439167964553,535.7719878360559,2882284.1865987633,173.9590723496839,1536.3413035529436,0.0
2,2025-12-31T03:11:49.871115+00:00,42,722034.078077945,0,1.2578944232474911,0.47088673943824766,1.1902489406547023,507.52045677560113,2878999.364218257,151.94036501565066,1404.6269563299697,0.0
3,2025-12-31T03:11:51.580031+00:00,42,787742.3900921234,0,1.3089117615922823,3.930321526384769,0.8512454530702184,499.7957260643864,3141104.3030457827,158.21054540724595,1559.6602311408453,0.0
4,2025-12-31T03:11:53.459279+00:00,42,793344.6249269681,0,1.0603087503164537,1.8539901211629062,1.1707059955394408,534.6318656078043,3164182.0108344792,173.01897851433884,1383.8991380265497,0.0
5,2025-12-31T03:11:55.035176+00:00,42,752478.0966042848,0,1.2150920960645317,4.113808066354149,0.9773656795309325,501.5361826908084,3000710.4498825097,154.9293998340447,1421.6585925552286,0.0
6,2025-12-31T03:11:56.753416+00:00,42,751374.8239049624,0,0.8817909774278214,2.772923935079174,0.8255269024416702,531.3585529906035,2995517.454442969,172.82399425265194,1550.3394538982925,0.0
7,2025-12-31T03:11:58.430396+00:00,42,787863.7078277423,0,1.3621049375940657,3.1583219956103243,1.1032350960341495,532.6225833653757,3141516.920855234,171.8489065737921,1540.6214055201194,0.0
8,2025-12-31T03:12:00.038456+00:00,42,772398.3490642676,0,0.9836207745038946,4.853490121974517,1.157248448528879,481.16337971599233,3080060.020878865,150.89711757540903,1509.701828575151,0.0
9,2025-12-31T03:12:01.807126+00:00,42,814695.8015731886,0,1.3227067976590094,0.9731935392598379,0.9866884014908137,549.7092481293447,3248356.5353841656,174.64987124115984,1626.807130227542,0.0
10,2025-12-31T03:12:03.412396+00:00,42,818749.6733682579,0,0.735043012629783,0.7714474603377391,1.0732195812969818,490.8011356160078,3264588.717101995,150.2555694057711,1684.6163462497511,0.0
11,2025-12-31T03:12:05.228074+00:00,42,790495.0157825148,0,1.2958097247262537,4.83754866217105,0.9303301432552608,546.3384176339235,3152003.7005820256,179.22672486404596,1533.5134870467932,0.0
1,2025-12-31T03:12:13.755541+00:00,42,726389.7356494922,0,1.3191648388447708,2.1943921987602617,1.143439167964553,533.9119221540299,2896188.85706519,173.36526270088754,1420.4919195168734,0.0
2,2025-12-31T03:12:15.372635+00:00,42,720025.4692556487,0,1.2578944232474911,0.47088673943824766,1.1902489406547023,509.71958841069153,2870604.500139665,152.61555872378486,1477.5460809062943,0.0
3,2025-12-31T03:12:17.121139+00:00,42,789041.7754504438,0,1.3089117615922823,3.930321526384769,0.8512454530702184,504.7625370333664,3146505.071252947,159.55862440280785,1512.5082712766252,0.0
4,2025-12-31T03:12:19.081930+00:00,42,793584.2146410017,0,1.0603087503164537,1.8539901211629062,1.1707059955394408,534.8995716501353,3164664.3369987966,172.93426902471708,1482.8918818646519,0.0
5,2025-12-31T03:12:20.749392+00:00,42,752560.3061320985,0,1.2150920960645317,4.113808066354149,0.9773656795309325,506.6573220854322,3000696.8624997544,156.60379263247725,1487.8924245791386,0.0
6,2025-12-31T03:12:22.525648+00:00,42,752740.1654498596,0,0.8817909774278214,2.772923935079174,0.8255269024416702,540.9206723055154,3000644.992285703,175.42076926482696,1610.6202038079032,0.0
7,2025-12-31T03:12:24.210089+00:00,42,813244.0547440994,0,1.3621049375940657,3.1583219956103243,1.1032350960341495,538.3339589788569,3243199.767929275,168.14344437458928,1504.0772801474516,0.0
8,2025-12-31T03:12:25.890763+00:00,42,772826.0438100832,0,0.9836207745038946,4.853490121974517,1.157248448528879,488.10983035983,3081157.5891679674,152.4579419720223,1630.8849354569693,0.0
9,2025-12-31T03:12:27.725875+00:00,42,815427.0905657912,0,1.3227067976590094,0.9731935392598379,0.9866884014908137,552.3474812649042,3251479.3431575373,175.6435131984214,1582.934322685824,0.0
10,2025-12-31T03:12:29.367646+00:00,42,818633.6491312766,0,0.735043012629783,0.7714474603377391,1.0732195812969818,483.7272106632963,3264773.91950991,148.44042287969765,1556.1481578401076,0.0
11,2025-12-31T03:12:31.218796+00:00,42,790938.9975449089,0,1.2958097247262537,4.83754866217105,0.9303301432552608,544.1530005490062,3153812.4469430964,177.8769527916454,1529.1721974256154,0.0
12,2025-12-31T03:12:32.937944+00:00,42,742748.0405401514,0,0.9963677648278951,2.3477790563790397,0.8757885436337143,549.8034663152966,2960263.9526235205,169.1740939560387,1692.2870513186517,0.0
13,2025-12-31T03:12:34.924661+00:00,42,865045.8347763851,0,0.8039372042683772,2.3785246311296686,0.8907637396203537,582.2887945744486,3450487.056028243,194.45615261911394,1437.5902359820254,0.0
14,2025-12-31T03:12:36.610128+00:00,42,792234.998555339,0,1.2358511957460083,2.1857595943616537,1.133071278423135,531.6583868244791,3159751.7930282713,162.95630717541385,1389.681772617947,0.0
15,2025-12-31T03:12:38.359691+00:00,42,715549.2295300104,0,1.2602120816017992,1.5618332069102054,1.1329039205580804,519.651581148965,2852516.575879218,165.02722951773634,1501.1813677884984,0.0
16,2025-12-31T03:12:40.010948+00:00,42,942046.9017588318,0,1.3438114859974415,1.9373918951508724,0.9153312415720977,536.5768499451302,3757770.6768111647,167.29369862244673,1639.3995724350866,0.0
17,2025-12-31T03:12:41.578591+00:00,42,822550.9299545045,0,1.2459964031799804,0.698762418046549,0.8799632809900434,488.53666231860274,3281286.2930132165,145.58019337927524,1377.8932690451293,0.0
18,2025-12-31T03:12:43.590917+00:00,42,772222.6642315616,0,0.7058898158008043,3.934621887510692,1.0659403426368128,552.2429808890628,3079415.519401086,186.6306275297311,1420.4691865692666,0.0
19,2025-12-31T03:12:45.403019+00:00,42,729612.8257763693,0,1.264132302901068,3.9036451551098397,0.983566310215336,541.9740351197788,2909109.1823701025,176.89833589047785,1406.180955991391,0.0
20,2025-12-31T03:12:47.150489+00:00,42,800407.0966152535,0,1.154992956762315,0.6989849906382872,0.8458120294143894,536.2244177271986,3191733.1032409663,175.2452265560684,1527.0410427925676,0.0
21,2025-12-31T03:12:48.758017+00:00,42,860567.5909276203,0,1.2347223694323772,2.3554810307156626,1.0260944425924756,541.1031270784268,3431651.3939386387,167.25044133066922,1677.7408759032026,0.0
22,2025-12-31T03:12:50.476235+00:00,42,784809.0966892671,0,1.3119990859328206,3.173591600002954,1.0214317602631984,538.45683412569,3128920.8268744885,166.8022432881082,1616.9598254553894,0.0
23,2025-12-31T03:12:52.396082+00:00,42,769386.728254198,0,1.1473657285963308,1.519750490313061,0.8123271338271758,584.5714217162434,3067578.6357650156,191.47284034202997,1493.8451558522092,0.0
24,2025-12-31T03:12:54.092072+00:00,42,775600.1610277083,0,1.0493739113858898,1.072923364097646,0.9634114574898545,498.19319261057944,3093144.576889988,155.07702717322715,1435.6478302472442,0.0
25,2025-12-31T03:12:55.967571+00:00,42,802805.8168361239,0,1.3827224586145328,1.1696974293267037,0.8233210966756265,563.8981369578039,3201250.40514759,181.27041939687817,1517.1293005253697,0.0
26,2025-12-31T03:12:57.694099+00:00,42,763071.904074876,0,0.9251071136175972,1.467968788833418,1.0647666058907581,494.7703696145586,3042931.173652379,153.24099534561466,1460.3297457994356,0.0
27,2025-12-31T03:12:59.454369+00:00,42,703513.7083694277,0,1.1456257218730226,3.9194910455320677,1.065725416130955,479.5971375486967,2805340.2301869304,147.57575862409007,1342.090191643352,0.0
28,2025-12-31T03:13:01.196542+00:00,42,894421.8684285885,0,1.0251094891520565,4.070101923330173,0.8667891679630816,553.3025984375807,3566806.6518193576,169.69851965090876,1720.903136267582,0.0
29,2025-12-31T03:13:03.112907+00:00,42,783184.6359747747,0,0.7181696585070884,0.45023930387820876,1.0889437402385802,535.8930410170893,3122553.043510255,177.49453955728688,1586.6544437161924,0.0
30,2025-12-31T03:13:04.842231+00:00,42,784242.1059040264,0,1.0695017842011099,0.806358895168009,1.0004179100413455,504.4690009618793,3127548.3497027457,155.33359847340344,1464.4577652450625,0.0
31,2025-12-31T03:13:06.490467+00:00,42,748738.211510746,0,0.8218496821705347,3.48160187538868,0.9784625102296123,493.1082643039496,2985619.824031502,150.3899272652122,1458.2610685062073,0.0
32,2025-12-31T03:13:08.148061+00:00,42,719599.6994754476,0,1.0048169808771859,1.5075604457393825,1.0521130372475553,489.5171304476083,2869476.002636826,153.27298707252052,1374.3482446250464,0.0
33,2025-12-31T03:13:09.897349+00:00,42,801426.2710626449,0,0.9894500884427123,0.438249596580505,0.8472023608482062,531.4600357055332,3195944.3957239785,168.9225364184842,1506.1321450779212,0.0
34,2025-12-31T03:13:11.840782+00:00,42,707676.3147755925,0,1.4695181316396115,4.5429034535380355,1.0798828535243,522.7384760235965,2822340.350668429,174.16966276062627,1219.9890290044611,0.0
35,2025-12-31T03:13:13.428075+00:00,42,769506.9442868886,0,0.9126959691676156,4.84588188673862,1.1115003615863177,500.5291798556932,3069101.9429768273,152.4539473841798,1366.2141619963131,0.0
36,2025-12-31T03:13:15.108474+00:00,42,802066.9446020618,0,1.2735121513271965,2.246807510718943,0.9088966247380637,533.1199186644626,3197751.6997525604,166.07741868061757,1663.5444117073428,0.0
37,2025-12-31T03:13:16.693390+00:00,42,820576.8729413656,0,0.7771127697227994,4.513011982719208,0.9823105159334444,504.8076241969948,3273156.405224998,154.78085692224806,1408.4129139715492,0.0
38,2025-12-31T03:13:18.350927+00:00,42,778385.2958380693,0,0.8618906918361842,1.5297831207532626,1.0316878275767585,497.58950159559816,3104509.929667263,155.5318624568017,1389.0873351532282,0.0
39,2025-12-31T03:13:19.948814+00:00,42,791953.3547646337,0,0.8414182263513853,4.283071420461877,1.103407811934084,498.6748416767188,3158241.8950382886,150.79129956210016,1503.1094863729622,0.0
40,2025-12-31T03:13:21.942505+00:00,42,811510.9941935908,0,1.2755703647607495,2.1604651988755186,1.0509235362809772,582.2695192764555,3232054.9464107067,202.5477153342362,2327.8828686976535,0.0
41,2025-12-31T03:13:23.542567+00:00,42,869687.4172220445,0,1.1672783751301885,3.2492330077741,0.8337777284559557,519.2733084690824,3469456.408796411,158.13798176559607,1424.2991045111244,0.0
42,2025-12-31T03:13:25.305120+00:00,42,774189.1434930336,0,1.0326459217364876,0.2080708693094624,0.9975963276978076,531.6669256520153,3086813.9437386724,164.3950375666432,1546.1280084778487,0.0
43,2025-12-31T03:13:26.842125+00:00,42,838846.8177965301,0,0.9638889698662282,0.7226209443302345,0.8413611870890207,503.80473427476664,3345434.5510202027,151.0342201563017,1578.1289792590412,0.0
44,2025-12-31T03:13:28.495291+00:00,42,775729.6693632781,0,1.1701156577421696,0.8529648426844305,1.1700480473507189,498.8281340765962,3093507.1204366195,152.51359930167771,1468.7941337213774,0.0
45,2025-12-31T03:13:30.340206+00:00,42,742185.4114618655,0,1.164848911760316,1.7343490226741853,1.0363661965925668,507.1670576794354,2959734.776891762,160.22646186744146,1373.678586771018,0.0
46,2025-12-31T03:13:32.189904+00:00,42,790286.8068912373,0,0.718243096823758,4.792796066207226,0.9929213747771601,548.9758627287298,3151740.841581414,178.8261000966686,1412.770810914132,0.0
47,2025-12-31T03:13:34.395397+00:00,42,914390.3021489247,0,1.326188181800229,0.41364999961219284,0.9946633323352642,599.348241553417,3646294.271960567,197.52723748101084,1749.0579789506987,0.0
48,2025-12-31T03:13:36.113227+00:00,42,765812.6995052224,0,1.0925655954836166,4.689132274874915,1.0286912209504302,503.83491869020867,3054082.008208928,153.0341309745421,1413.7850464294206,0.0
49,2025-12-31T03:13:38.104168+00:00,42,752592.2929240785,0,1.078791520845563,1.334878315459468,0.9326275989370209,538.9368726182794,3000998.688066457,170.96636322104328,1417.5868474277709,0.0
50,2025-12-31T03:13:40.267989+00:00,42,817397.622890965,0,1.1165379219772302,2.1945573015252333,0.8086448319521322,539.4673435128242,3259565.2174806166,178.2137644276495,1549.9357655344795,0.0
51,2025-12-31T03:13:42.246994+00:00,42,807351.3863969588,0,1.3610335393554862,4.480803859198834,0.8560996355994444,579.4284441545825,3219000.678998429,186.095342553127,1591.77583138772,0.0
52,2025-12-31T03:13:44.164632+00:00,42,747971.2963995564,0,1.1432289148312396,0.5428787056772177,1.0688960372159246,514.7408382916132,2982060.296732418,159.10306892592544,1538.3496140041045,0.0
53,2025-12-31T03:13:46.240391+00:00,42,810199.2698069145,0,0.9249870270712066,3.297113173459509,1.0907978457147531,607.8272308987379,3230034.656904269,204.6008697865035,1633.3481900638862,0.0
54,2025-12-31T03:13:48.222190+00:00,42,720580.1417063349,0,1.3149179935341255,0.5387047297794828,1.166404738055043,528.375095413937,2873059.50143139,165.40715961088333,1406.3724644223623,0.0
55,2025-12-31T03:13:50.251219+00:00,42,792751.6650966712,0,0.8841711927159046,0.1870627808808989,1.0219409877565933,524.1272744243439,3161386.1147048804,166.10632201707463,1484.4544606804195,0.0
56,2025-12-31T03:13:51.955824+00:00,42,816988.3803116403,0,0.996737827089951,4.1489487156620655,1.1233005888257206,501.36654327199034,3258708.7469001687,153.13233818267446,1431.623033680382,0.0
57,2025-12-31T03:13:53.890982+00:00,42,781096.906262774,0,0.9537111142581722,4.764496975348725,0.9163671352560475,539.1756192195115,3115020.313195869,178.35731817562478,1413.031628068217,0.0
58,2025-12-31T03:13:55.659721+00:00,42,754559.8604584291,0,1.1120457033853717,1.2798254528380137,1.1744174280195854,554.5242167681229,3007941.846626183,173.34002938132696,1596.5588062386717,0.0
59,2025-12-31T03:13:57.612538+00:00,42,756164.7024458303,0,0.8316862540656145,0.22455309696164494,0.9740388240012152,564.2422477617268,3014407.96299749,180.92175604265915,1574.930329225439,0.0
60,2025-12-31T03:13:59.516712+00:00,42,825721.2340683418,0,1.4939004512446696,4.4583863312745695,1.0994432077827796,576.553237799455,3292990.4987268355,185.22196532652413,1488.2691413646285,0.0
61,2025-12-31T03:14:01.454102+00:00,42,725607.5522423633,0,1.41263399270282,4.467233198489316,1.0075433441545796,509.04688735281616,2892988.9579648967,164.02617570594307,1460.708465302281,0.0
62,2025-12-31T03:14:03.276250+00:00,42,837988.7177728527,0,0.9527432414646344,3.86006216055494,1.0646645052671044,500.38312912603175,3343136.810319613,159.30948264452658,1340.455311863964,0.0
63,2025-12-31T03:14:04.960574+00:00,42,821402.3068844753,0,0.9989261830989681,0.47233334030757634,1.0987158445396104,498.63225247940983,3275994.6229489595,147.73803541338307,1513.64672792329,0.0
64,2025-12-31T03:14:07.034025+00:00,42,789930.2425879905,0,0.9099684127382918,4.6840657526688965,0.896388230002274,556.5164987311114,3149315.5522790314,184.54243358001733,1611.760466127929,0.0
65,2025-12-31T03:14:08.720100+00:00,42,791649.0406736401,0,0.7982063459291888,4.155563360624531,0.8613137266497977,476.3682305967116,3158167.8795297076,147.64088369165566,1285.0983586678622,0.0
66,2025-12-31T03:14:10.428555+00:00,42,780337.9888131589,0,0.8434146465261912,2.9969139576042174,1.1498248163349858,550.3026767300254,3111766.8662160034,175.49854539295987,1450.5587126602609,0.0
67,2025-12-31T03:14:12.319675+00:00,42,714674.6887816781,0,0.8571477325716585,1.5516183645004737,1.110961935296471,555.432458165286,2848933.906962915,182.8020793149574,1480.081945995901,0.0
68,2025-12-31T03:14:14.184584+00:00,42,832374.9651891495,0,1.477461140848774,2.5037059310117113,0.8575590010205003,546.9261791034628,3319578.528205246,177.616312448699,1522.364309387704,0.0
69,2025-12-31T03:14:15.798354+00:00,42,695389.5621937265,0,0.7111490301665612,1.1482801499942763,0.8527288871146085,482.3033109372323,2771561.8427923564,147.8310509672614,1606.7496284332274,0.0
70,2025-12-31T03:14:17.366509+00:00,42,761495.0236223935,0,1.242126938890286,0.6091625231426556,1.0025319726482531,506.61493203288705,3036897.109415149,153.3238136184766,1393.447540335321,0.0
71,2025-12-31T03:14:19.077238+00:00,42,834546.9227798631,0,1.255409948514309,2.905583046104512,0.8799102606640231,554.6211769638356,3327801.206210214,179.0687530587487,1612.1323320921315,0.0
72,2025-12-31T03:14:20.857543+00:00,42,724242.8024987832,0,1.3432996209458101,3.577035648079008,1.0955936015662167,560.3560667201868,2886225.2817557207,179.87785194851963,1681.8327349697909,0.0
73,2025-12-31T03:14:22.525914+00:00,42,768280.6844564364,0,0.8048462012458506,0.618769018251723,1.171025020402603,486.42849820103237,3064165.5673942827,149.8363716119514,1385.8019055811915,0.0
74,2025-12-31T03:14:24.536553+00:00,42,727544.1258788061,0,1.0180625550599525,1.5047434589046986,0.9954336181406134,575.3563883338298,2900071.313605866,187.85787233446717,1531.855304670986,0.0
75,2025-12-31T03:14:26.131167+00:00,42,893985.2052897083,0,1.230291370210866,4.77811628523485,0.914578490752822,514.3722167496337,3566399.7096724864,160.08094996767144,1479.0475707136982,0.0
76,2025-12-31T03:14:27.730440+00:00,42,792262.589408316,0,1.4398467434496216,0.12429745693128158,1.0220792169307298,500.75252721147143,3159863.4070161334,153.2398577447823,1420.0343436869036,0.0
77,2025-12-31T03:14:29.675131+00:00,42,800008.3790707401,0,1.207180089344868,0.5294870187537665,0.8561358388255651,570.4343412595474,3190523.1142434687,189.2756183411016,1411.3339980072783,0.0
78,2025-12-31T03:14:31.289316+00:00,42,727118.1192480525,0,1.035291455453043,4.831159560715909,1.0384170212937491,497.6454287058025,2899074.322032945,150.7455774165937,1467.8716372169365,0.0
79,2025-12-31T03:14:32.976828+00:00,42,833104.9740547563,0,1.446418577280169,4.021804578064854,0.9869526406221166,529.3330590257196,3322349.4142578007,162.76775298424255,1575.522316241606,0.0
80,2025-12-31T03:14:34.788227+00:00,42,864625.6130277723,0,1.3278107594017499,0.08918391988493868,0.843657598706294,579.8123190235523,3448710.6643532612,183.61926325737943,1464.9692187325115,0.0
81,2025-12-31T03:14:36.392731+00:00,42,814000.8619542109,0,1.3635428919061892,3.9840854416258087,0.8930562967865735,533.3373647083832,3245908.624310645,161.83803180894824,1577.72141062995,0.0
82,2025-12-31T03:14:38.331144+00:00,42,793187.6589105836,0,1.1246156724792429,3.0300791035000545,1.1470955815104045,552.2627853350419,3162477.0499093304,179.60067066364456,1590.3110379314162,0.0
83,2025-12-31T03:14:39.992644+00:00,42,780895.2067269378,0,1.1824857258709804,2.0628578463684017,0.9496736173628731,515.038305911578,3113628.3038855526,157.36028739734581,1565.5635643330108,0.0
84,2025-12-31T03:14:41.663003+00:00,42,757912.7473334089,0,1.040705669098808,3.2596551278998707,1.1469962527009299,487.66227493217974,3022476.9042989165,154.29224936058594,1427.7363617761205,0.0
85,2025-12-31T03:14:43.228965+00:00,42,754891.5437024464,0,1.0631175056610398,1.2391978147567906,0.8946649451990325,511.65771423042764,3009602.5915996213,150.9717088095958,1573.8792191873617,0.0
86,2025-12-31T03:14:45.169152+00:00,42,729555.7270331864,0,1.296811424194757,4.082843817119552,0.84211123194165,527.4933424737109,2909379.0437221513,175.38750152374394,1315.2002160504321,0.0
87,2025-12-31T03:14:47.045266+00:00,42,790835.056543857,0,0.7532470855641424,2.972168318782259,0.8584692976770794,519.8487464888934,3153253.940545893,165.29417876056152,1585.455128032074,0.0
88,2025-12-31T03:14:48.857514+00:00,42,765695.6545598967,0,1.3597313523650731,1.5516733696203722,0.8575487731884571,545.9738115156309,3052754.8533133673,171.39098112295687,1548.444026137904,0.0
89,2025-12-31T03:14:50.667514+00:00,42,790608.872562285,0,1.4367763779899603,0.8276586136763908,0.9138880329351743,541.5999386402669,3153100.0187603906,173.53678589440767,1406.7882183420752,0.0
90,2025-12-31T03:14:52.507770+00:00,42,892364.1336783881,0,0.8228907161536468,0.5774503183267748,0.808459206534576,611.099861683181,3558413.9626759454,198.97860509359137,1691.796653885263,0.0
91,2025-12-31T03:14:54.288433+00:00,42,795209.4958904664,0,0.7443163273314081,0.8732073546792635,0.8213527730508702,561.1336783546313,3170841.9112868644,170.80141475721152,1529.5029512843864,0.0
92,2025-12-31T03:14:56.274897+00:00,42,786507.1928350194,0,1.172915052888777,3.403572633997532,0.9574521827328113,574.2408944269947,3136498.06371015,189.41626127952895,1412.3218802394847,0.0
93,2025-12-31T03:14:58.025310+00:00,42,744623.540875347,0,0.9543928775616395,2.5226311851111505,1.1500019768938434,490.8141362231774,2969585.742534613,152.01684421530106,1370.9008324511672,0.0
94,2025-12-31T03:15:00.088954+00:00,42,885651.5908068954,0,1.3809053014577648,0.21737531006395971,0.8725993638386097,608.510312563786,3531833.225891663,200.67129416034763,1636.976037433045,0.0
95,2025-12-31T03:15:01.731462+00:00,42,786860.2802363351,0,0.8893958968835167,1.246937879161059,1.028493060697109,493.9631251545727,3137817.0733382683,147.92355422962402,1519.4122033964063,0.0
96,2025-12-31T03:15:03.448007+00:00,42,811305.9762467133,0,1.0330099405625537,0.24627059963796993,0.9494456553838286,523.3167052760253,3235834.7510387674,162.30941742704258,1438.8217760743505,0.0
97,2025-12-31T03:15:05.192973+00:00,42,753679.0472257285,0,1.1190023589741098,0.5083595145185799,1.133383421515424,519.7748499230323,3004477.352429457,159.09715315350292,1620.3966471242961,0.0
98,2025-12-31T03:15:06.874899+00:00,42,776248.6749680127,0,0.7415694931720833,4.624209345090311,0.8396452566319502,497.42635515002183,3095735.1688141995,153.57591061127917,1437.7590524549557,0.0
99,2025-12-31T03:15:08.773880+00:00,42,784147.6103825482,0,1.3748599612782022,4.513265719638086,1.191828272234637,523.9940707886556,3126821.28613902,170.53572198507106,1513.3111198445117,0.0
100,2025-12-31T03:15:10.409685+00:00,42,833510.0978667266,0,1.3416207042188748,3.8973877038566447,1.056993310398219,560.1341788716252,3323647.3213612232,171.00240364569638,1612.9432544681129,0.0
101,2025-12-31T03:15:12.132499+00:00,42,853586.3742951744,0,1.323197083662503,0.6727610420657354,1.014427214379055,573.8175904153992,3403602.018760707,176.79093236584617,1671.6478793022657,0.0
102,2025-12-31T03:15:13.828364+00:00,42,818346.8649985153,0,1.1113782961523315,4.2878607206127874,0.9851197462374064,516.8555674437872,3263997.168176113,155.85265783366444,1447.6714936192952,0.0
103,2025-12-31T03:15:15.484475+00:00,42,794616.8476948007,0,1.0080715968802827,3.1978163561855504,0.9065853270003384,518.9857897202324,3168890.8184482194,158.3232182940424,1483.469468374396,0.0
104,2025-12-31T03:15:17.251395+00:00,42,729568.7862655804,0,0.8118147287631654,2.389386370118729,0.966755747437954,517.4810785838595,2908447.0468469015,159.46723684617822,1536.552610969647,0.0
105,2025-12-31T03:15:19.103195+00:00,42,840098.5541264971,0,0.8860559524230989,1.83755905057564,0.946556979930499,551.0407269909763,3350431.466989735,174.6836225724162,1529.0303987741008,0.0
106,2025-12-31T03:15:20.802073+00:00,42,817791.9815750271,0,0.9619964515300363,1.897320398634645,1.0742973381823782,486.8067031399773,3262074.5102744405,147.4638526280575,1415.0574930834375,0.0
107,2025-12-31T03:15:22.448052+00:00,42,767206.6236790745,0,0.9375011796570282,4.744289633576702,1.1665392078152712,504.22462218377365,3059571.192650052,154.4904888428624,1430.7555008932688,0.0
108,2025-12-31T03:15:24.225787+00:00,42,809258.2431164602,0,1.084728342640063,1.641806025023444,1.0141739159320013,530.5842550344167,3227250.102601957,166.7878524902792,1512.5504162019326,0.0
109,2025-12-31T03:15:26.095942+00:00,42,798049.8438567019,0,1.3788483910188996,3.26293670280051,1.121756731178831,523.0014328129881,3183022.7802751735,168.8163737257092,1391.5479423833858,0.0
110,2025-12-31T03:15:27.801149+00:00,42,773954.771354201,0,1.126177820852592,3.1645881463381036,0.9152622456729848,522.2678608502489,3085604.6900462247,163.03316801648342,1611.2592341539737,0.0
111,2025-12-31T03:15:29.729560+00:00,42,812781.1373593076,0,1.2879145298482326,1.0120229656285917,1.0779192515273992,566.8167950657653,3240977.4141170573,185.38782511366352,1548.9452832577756,0.0
112,2025-12-31T03:15:31.467537+00:00,42,775443.207327084,0,1.3885752546607153,0.6605141865077196,1.045751896216768,516.9684832668675,3091351.894491821,158.08218374631775,1661.1799255117094,0.0
113,2025-12-31T03:15:33.289123+00:00,42,818815.7372944675,0,0.7760765985839476,3.6285781413571345,0.8337972875294082,528.625584731213,3265930.706625251,169.00646918105537,1419.192643262363,0.0
114,2025-12-31T03:15:34.918471+00:00,42,799491.5215730402,0,1.4487518581605008,0.6870396501890108,1.183552098363632,512.1934824444232,3188211.3179481407,151.85452304826308,1529.4882414431158,0.0
115,2025-12-31T03:15:36.909939+00:00,42,794505.3678060045,0,1.3407073408680774,2.9684100223317706,1.1130496418518188,524.4119093630803,3169364.2835149127,171.4226176486437,1280.8595394366598,0.0
116,2025-12-31T03:15:38.837836+00:00,42,818023.7815313146,0,1.3360918711864687,4.7301353140866516,0.9013533415356749,535.953844398145,3262547.768329652,175.65957518170634,1454.5748828286123,0.0
117,2025-12-31T03:15:40.514492+00:00,42,811133.9600776834,0,1.1720607162866474,0.4752459878220061,1.0464662800096485,504.2686161395978,3235110.585103001,153.47149596843704,1466.6352401770523,0.0
118,2025-12-31T03:15:42.376166+00:00,42,780117.7454760132,0,0.837033043274231,2.8247530573622095,1.02897220561354,525.5255551383082,3110960.9164438066,166.28164125245803,1460.184854309785,0.0
119,2025-12-31T03:15:44.204657+00:00,42,864740.3311566622,0,1.0727881223849818,2.613158877565614,1.1055693560026352,542.789774607315,3448486.8154624924,173.12855356865063,1643.3003202422046,0.0
120,2025-12-31T03:15:45.999859+00:00,42,770915.6795635702,0,1.3393957732096533,2.4607660778771456,1.039837376609045,544.7603070861186,3074345.0245500593,173.54263945756134,1400.4479460788389,0.0
121,2025-12-31T03:15:47.794636+00:00,42,775946.048002629,0,1.4449889885520815,0.5986679425056141,0.8468414263600442,521.3905967028633,3093973.591704814,160.97045934465785,1528.8976700964495,0.0
122,2025-12-31T03:15:49.736875+00:00,42,745357.8167979165,0,0.7701672095286147,3.2893164252026392,0.9674433203161518,541.4606119622398,2972234.4369261595,176.02688945705063,1376.7756839501246,0.0
123,2025-12-31T03:15:51.708740+00:00,42,715645.8554603294,0,1.3194571329134746,3.3561570665429628,0.9334551033312953,537.3927980756399,2852339.718483185,178.56585432093894,1596.9946073874326,0.0
124,2025-12-31T03:15:53.866245+00:00,42,823891.3869209306,0,1.4186932378892285,3.8126607353532616,0.9082139763640703,629.0090981943516,3280120.383918526,221.49611389879252,2582.820145637894,0.0
125,2025-12-31T03:15:55.618003+00:00,42,797095.7337290295,0,0.9913536142176432,1.5721999010213143,0.8630446594499999,489.946930763989,3179147.268878347,152.2411537057236,1439.6874053795113,0.0
126,2025-12-31T03:15:57.293038+00:00,42,759303.150284739,0,0.8182266980337533,4.6806373168787205,0.9751616148795013,478.49150068327543,3028183.588563794,145.8067481186536,1409.3979951967028,0.0
127,2025-12-31T03:15:59.022054+00:00,42,783326.0153584097,0,1.0066558582219278,3.6484285433868897,1.02119722610116,519.9392756676928,3123258.299428705,159.42409303467076,1579.8723081208207,0.0
128,2025-12-31T03:16:00.791196+00:00,42,779894.8332565018,0,1.4489119894707698,3.901507469546961,0.9917478256498161,537.8556263970637,3110360.1947660074,168.09011324560245,1388.395725546323,0.0
129,2025-12-31T03:16:02.719807+00:00,42,770242.180208122,0,1.001087578784661,4.93315772462161,1.0871040944014574,560.5750688987072,3071282.82359197,185.96589533691306,1457.7664200239271,0.0
130,2025-12-31T03:16:04.357810+00:00,42,731354.6066328367,0,1.460955728003073,0.5923928860852068,1.140213471676313,496.90811808721446,2916199.779104846,147.78921664652293,1432.5668404584503,0.0
131,2025-12-31T03:16:06.108527+00:00,42,733454.688682711,0,1.209659107192966,0.6096083916755629,1.0353031999876883,532.2696211842667,2924035.4146718984,163.79309148071306,1512.7412822198758,0.0
132,2025-12-31T03:16:07.784246+00:00,42,748966.975231108,0,1.248877092084359,0.06151342944301419,0.9817271847366986,493.6753107774157,2986600.7906752783,150.93576286084047,1443.7839948287844,0.0
133,2025-12-31T03:16:09.585296+00:00,42,756032.7204976857,0,1.3603196089570568,1.4767951267204493,0.9834192327194204,521.5361040076509,3014873.4251468,163.38353509738812,1412.3316549330225,0.0
134,2025-12-31T03:16:11.294358+00:00,42,712279.9902725396,0,1.0538513016543145,1.509636957212458,1.1673767582062216,510.981277173907,2838684.641118201,155.17167380262802,1670.6214262782478,0.0
135,2025-12-31T03:16:13.060972+00:00,42,739790.795756327,0,1.3250352283452127,0.5529420549805525,1.1988138631350291,501.70326445572715,2949256.0296547194,155.76271202496693,1568.0228758136916,0.0
136,2025-12-31T03:16:15.102769+00:00,42,814498.3909401518,0,1.4033600194461961,1.419542189320195,1.1347586318643752,592.6652348904221,3247721.5222600643,194.63345458476576,1548.804222912024,0.0
137,2025-12-31T03:16:17.095097+00:00,42,797269.6026708041,0,0.7851356254971062,4.995523652371193,1.0662738944426147,563.5436684636327,3179460.3504774254,188.11096221292573,1440.0873380470427,0.0
138,2025-12-31T03:16:18.911963+00:00,42,790881.6603477924,0,1.2201000124470376,0.45220363492066373,1.15881335955865,533.6769004391114,3154430.0714005767,170.32299811668994,1365.2264986160253,0.0
139,2025-12-31T03:16:20.735432+00:00,42,834076.292138869,0,0.7231996025635755,1.2041402902057352,0.857208750066654,540.1256479415714,3326550.890257483,167.5708498222708,1498.2511805527922,0.0
140,2025-12-31T03:16:22.473060+00:00,42,768956.6607336074,0,1.321414352553775,0.9910211360644894,1.164255290852354,516.5554369005766,3066632.92804719,160.45255750973047,1404.6681253361867,0.0
141,2025-12-31T03:16:24.563327+00:00,42,796903.1700607055,0,1.2250152314619922,0.18081355247348108,0.8021719336514802,608.4545287815264,3176560.2582754395,208.09846641677348,1691.4932360118055,0.0
142,2025-12-31T03:16:26.373022+00:00,42,771680.1976177585,0,0.7413263336115191,3.0296258882386384,1.1205927243437661,539.6914802495456,3076570.0896307393,170.72135794569022,1579.6257625472606,0.0
143,2025-12-31T03:16:28.141864+00:00,42,797990.1025415398,0,0.8908422565019107,4.247044214615364,0.8228927760613042,516.1623070330664,3182632.8013307154,163.0757290297258,1431.5787203416405,0.0
144,2025-12-31T03:16:29.832706+00:00,42,738124.2864327283,0,1.340771082913341,4.638977150861402,1.1088433596417522,505.33883130361556,2943294.1822128203,155.17976847565373,1418.578489278491,0.0
145,2025-12-31T03:16:31.685780+00:00,42,710997.5757131735,0,1.2584966271829097,4.189901093276916,0.8160605198188267,530.8162396408565,2834539.945297317,167.51796165290497,1442.7186435097535,0.0
146,2025-12-31T03:16:33.449584+00:00,42,753122.3585238793,0,0.8614256885752443,0.6246183965282154,1.0018123960771945,568.8149978705342,3001610.990967268,179.23071759161618,1702.7144613638998,0.0
147,2025-12-31T03:16:35.314268+00:00,42,818854.5703573633,0,1.2961505026630755,3.1500592228819935,1.140452439904774,533.7586459984412,3266209.84736056,171.80533237476595,1387.7222264999007,0.0
148,2025-12-31T03:16:37.064980+00:00,42,771936.4925267216,0,0.8241703939528726,3.6731054596758077,0.8772165963475617,550.5577399467783,3077560.5415179506,172.6550016721845,1576.8386719032583,0.0
149,2025-12-31T03:16:38.805273+00:00,42,743393.0399314472,0,0.9166070010542402,3.5495234864065193,1.1920819139594727,476.5173984303164,2964678.2028739876,145.7966338026192,1382.9115285320393,0.0
150,2025-12-31T03:16:40.675993+00:00,42,750500.783887507,0,1.1892348847816556,0.272501574956478,1.046523587971013,492.46878479393536,2992758.7821239517,153.0099948028603,1439.011312369581,0.0
151,2025-12-31T03:16:42.531292+00:00,42,778370.9854380391,0,0.7338804412641337,4.420728556834086,1.0838313140402482,511.4393055507264,3103931.615806445,164.35860893677958,1481.689179595818,0.0
152,2025-12-31T03:16:44.495427+00:00,42,845738.7508954868,0,0.8385022771380025,0.4586050291209903,0.8734132915521277,600.5216145028281,3372634.1564121526,198.70588643584017,1550.3888717368484,0.0
153,2025-12-31T03:16:46.338026+00:00,42,763638.4338940643,0,1.484021743643354,2.292803212292449,1.1136323793365632,530.2250656914357,3045203.5379438573,167.39017540455959,1422.408530971513,0.0
154,2025-12-31T03:16:48.061007+00:00,42,704463.5375275336,0,1.2091266736862214,2.862065749793187,0.8580521018660199,471.0110077487247,2809035.354776304,142.80530436158804,1373.337202576489,0.0
155,2025-12-31T03:16:49.771472+00:00,42,895218.7972217548,0,1.456819562846476,1.5067131625735897,1.0312068863230168,530.0174089795038,3570892.7926703584,164.62625437931783,1555.6715771317254,0.0
156,2025-12-31T03:16:51.626988+00:00,42,706823.7246668754,0,1.2598207556712528,3.2461657762265443,1.1762377638782073,519.2335560550749,2817372.215660199,161.45607382402432,1553.8029595634105,0.0
157,2025-12-31T03:16:53.417273+00:00,42,776269.3375839024,0,0.8187511919360464,2.5417636922347104,0.9616137562963064,507.1473486179553,3095555.79979397,163.06446869744056,1479.501337977983,0.0
158,2025-12-31T03:16:55.455851+00:00,42,756935.2554297377,0,1.0793349835860944,0.5960876309887231,0.8536378439491061,556.5786987249596,3017727.289575674,184.58823290902419,1530.084497790636,0.0
159,2025-12-31T03:16:57.213504+00:00,42,775987.6041713683,0,0.9224604366250059,1.5235230188041564,0.97116128547254,533.1112792591048,3093922.0118850674,166.08841880560098,1561.9473912991382,0.0
160,2025-12-31T03:16:59.148027+00:00,42,777947.4110350474,0,1.1887900376293026,3.173145587091315,0.9647243586342281,567.8764397976452,3100877.241800999,188.80715299501136,1705.78321100255,0.0
161,2025-12-31T03:17:01.343943+00:00,42,841106.553554064,0,1.0270264875429576,1.0881426334848099,1.0353224993636032,581.7812607116484,3354952.8048016503,197.97650838393028,1389.8209899245367,0.0
162,2025-12-31T03:17:03.358402+00:00,42,745195.5556316273,0,0.9536327290537903,0.1802991713868185,0.9673600176627442,510.42571727280375,2972105.591748852,165.18511985512296,1299.6840876904873,0.0
163,2025-12-31T03:17:05.020430+00:00,42,832448.195242762,0,1.0793061400721362,1.127964341021055,1.0289831732488464,507.10378783174133,3320695.2807808234,152.3289470243211,1396.5615762581658,0.0
164,2025-12-31T03:17:06.824255+00:00,42,756894.505979322,0,1.1526175203455367,3.510010905551857,1.059179392880484,514.7977463308317,3017667.562836021,163.48857758922657,1553.9369811936162,0.0
165,2025-12-31T03:17:08.467159+00:00,42,821944.8408438115,0,1.2219464452168252,1.5810707591202156,1.1149728887943815,486.114676733448,3278203.711916227,145.6380134446617,1517.012816628711,0.0
166,2025-12-31T03:17:10.520266+00:00,42,814889.7317383321,0,1.1393155068797436,2.1570909758994503,1.050404992376423,520.9687041473248,3250272.092152988,169.0208290450649,1416.1062487588542,0.0
167,2025-12-31T03:17:12.498314+00:00,42,734277.0844101605,0,0.9885258675602034,2.563696223033791,1.0946822753928882,558.7239598343302,2927185.3144742283,185.200462563869,1509.0929618590758,0.0
168,2025-12-31T03:17:14.440331+00:00,42,773426.5128259689,0,1.4091223093789662,4.605285986475958,1.0014531700732396,565.4092761033236,3082481.857329697,188.51381005953343,1772.9424428380019,0.0
169,2025-12-31T03:17:16.317957+00:00,42,785598.0817698668,0,1.1162200917924552,3.9993520538191825,0.9257802766976805,515.4332622994708,3132736.4458070765,165.14550355653623,1499.5414613868193,0.0
170,2025-12-31T03:17:18.443540+00:00,42,774541.928173117,0,1.3699058898760548,2.4707082325871172,0.8463426897341074,564.8616854295783,3088793.76971204,188.750242802187,1387.811594996652,0.0
171,2025-12-31T03:17:20.168265+00:00,42,764345.6176935274,0,0.7576473176583549,4.209966055197316,0.8222271667627512,518.4532740155142,3047341.4112430387,157.77330080058672,1580.9563568931385,0.0
172,2025-12-31T03:17:21.974715+00:00,42,868449.1089559237,0,0.9244891489069247,1.670650202507729,0.8691977780766376,546.1480106835221,3463764.2596764877,172.81855095659296,1548.5040796202397,0.0
173,2025-12-31T03:17:23.866803+00:00,42,693842.6749926991,0,0.9511146958415914,3.713462833625428,0.8058731374240283,514.515734622854,2766009.4085103837,170.22607208069283,1436.392906026553,0.0
174,2025-12-31T03:17:25.593149+00:00,42,731276.9218352969,0,1.3617387396165492,4.282740117872791,0.9489046292766193,494.4016220716667,2916186.129188133,153.9225804310552,1369.6953066111744,0.0
175,2025-12-31T03:17:27.394434+00:00,42,732056.570696893,0,0.8228903192485078,3.0042020397254046,0.8478690223459577,524.6711432517071,2918156.743267026,164.88369002552017,1578.1529357246798,0.0
176,2025-12-31T03:17:29.125869+00:00,42,802224.7514129714,0,0.991935488862602,4.792145904504862,1.1981857890334549,498.65072593243434,3199422.717395726,154.23930482946685,1481.5647960081237,0.0
177,2025-12-31T03:17:30.888735+00:00,42,730908.1805439428,0,1.3176839130836684,1.5548075496038312,1.075066019666437,511.4585498947111,2913901.8301248397,158.32052657494202,1521.893455744336,0.0
178,2025-12-31T03:17:32.796124+00:00,42,783972.5577529428,0,1.2643250923872102,1.9392084758182486,1.0563554538344637,563.758021855273,3125555.653871378,186.11448968069215,1590.1813078622422,0.0
179,2025-12-31T03:17:34.473477+00:00,42,858680.9606306468,0,0.708582115980541,1.0452882930112073,1.0100353211869044,517.9024987010821,3424541.423437132,156.5009389295735,1611.501424420714,0.0
180,2025-12-31T03:17:36.644370+00:00,42,800334.4017542994,0,0.8310010434066366,0.8295343393826682,1.1345217162200951,606.0652942565025,3189635.401507665,205.81398796758575,1829.9980752884283,0.0
181,2025-12-31T03:17:38.775383+00:00,42,732670.2482964959,0,1.4913064021468845,2.779847140142242,1.1356278923526852,578.3916029786146,2920841.478659082,194.96412845023147,1470.4237930639088,0.0
182,2025-12-31T03:17:40.656472+00:00,42,838293.9408725939,0,1.4922573314610181,0.7079794428438735,0.9792982453017405,529.3100208724975,3343823.545315742,165.0797956188824,1424.7472045121494,0.0
183,2025-12-31T03:17:42.363228+00:00,42,758563.3580921922,0,1.0140581726735358,0.4002464182309251,1.1021320691178977,495.82809310879384,3025640.2014003876,151.90920685990196,1305.2784373922113,0.0
184,2025-12-31T03:17:44.232481+00:00,42,840033.6980909718,0,1.0470232218580744,2.3466346709520063,0.8602691895252961,559.8584473676119,3350322.1319890986,180.64319025165787,1487.4339434821727,0.0
185,2025-12-31T03:17:46.042821+00:00,42,775091.9977364892,0,0.8447413217846944,4.535518110781075,0.8178596355897116,489.7436505481612,3091783.6558827497,155.8414665648502,1302.3626960955628,0.0
186,2025-12-31T03:17:47.843069+00:00,42,810891.7563148312,0,0.8862818279549649,1.4602966515726417,0.9960790169606346,521.1090829822633,3233987.7824799237,164.8208772938942,1479.0075712430903,0.0
187,2025-12-31T03:17:49.596590+00:00,42,786907.0758148402,0,1.1691561384118367,2.466449879253333,0.8336461338227529,486.8820038102451,3138704.1833078465,150.45115228162052,1378.231077249425,0.0
188,2025-12-31T03:17:51.506640+00:00,42,786029.1853408439,0,0.8949339632445708,4.217941923812706,1.0550354801913837,534.1855373431903,3134225.5225409567,170.39052682828583,1530.3207101370801,0.0
189,2025-12-31T03:17:53.283615+00:00,42,730151.344642508,0,1.2193192401074195,3.351016276756775,1.1051612076158115,491.1976393554542,2912044.227202557,154.13486693248305,1297.1744019614628,0.0
190,2025-12-31T03:17:55.101686+00:00,42,763817.3060214027,0,0.7464867853771578,1.8330419246630618,1.0158109741046715,528.9955684736927,3045711.0848880294,169.7978253342096,1465.5504464342825,0.0
191,2025-12-31T03:17:56.825598+00:00,42,821267.2702973954,0,0.9707651866378608,4.222394366435933,0.9930290034349176,482.2962594459584,3276466.263216497,150.65083151179007,1315.014779098491,0.0
192,2025-12-31T03:17:58.553623+00:00,42,782337.9992432285,0,1.3149020715675033,4.260077584405845,1.0019165931613991,533.6608525396122,3119811.3845321047,168.93677020004455,1458.441829618911,0.0
193,2025-12-31T03:18:00.662305+00:00,42,751556.4939713083,0,1.42764179509708,2.935619702684903,1.1401097195334886,563.3612350743392,2996256.6148957815,192.29546612712898,1511.3347771770027,0.0
194,2025-12-31T03:18:02.400051+00:00,42,780061.6594525812,0,0.9724726364732194,2.494084792657426,1.012564416401831,476.5774559240919,3111449.321208345,147.66108977297333,1361.7958672559037,0.0
195,2025-12-31T03:18:04.134093+00:00,42,696539.0473278255,0,0.7839837727168564,1.9927625335077033,1.1669350690206703,515.3964342233705,2776431.355170312,157.96014476354063,1517.5300118049283,0.0
196,2025-12-31T03:18:05.998325+00:00,42,758722.4065372093,0,1.2046657922917938,0.8875329121848374,0.935542254243842,541.1412426704073,3025408.8107055486,171.83940958344667,1438.2991436680875,0.0
197,2025-12-31T03:18:08.223468+00:00,42,734766.5487237211,0,0.8532824077301598,0.1241156589928627,1.1709841834016106,604.4204066856336,2927458.231134923,207.86794881514228,1810.7081366796087,0.0
198,2025-12-31T03:18:10.051153+00:00,42,803169.0490132879,0,1.0585658626054972,1.5376753621039307,1.0393908766230946,561.6807310067775,3202236.9957614182,180.3007683808256,1616.6157340817292,0.0
199,2025-12-31T03:18:12.026542+00:00,42,838132.9085660328,0,0.7058515650344125,1.3901105330040693,1.081213386279557,534.3578688873966,3342267.955801575,169.2756484232183,1608.3302980814865,0.0
200,2025-12-31T03:18:13.855926+00:00,42,762669.4976182715,0,1.2070158184554103,4.909029737712677,1.0481430838632175,511.7746066847587,3041034.4801073708,163.42809471020146,1500.8717732649968,0.0
201,2025-12-31T03:18:15.977730+00:00,42,796922.5175865788,0,1.0110162951244441,3.637707633334539,0.8145960415321661,562.43387864493,3175054.566118142,193.39182930507937,2067.0059006793686,0.0
202,2025-12-31T03:18:17.793900+00:00,42,737504.6338552126,0,0.8354384414831973,3.366558535545828,0.8,524.7072932742548,2940754.7897452395,166.78936283568123,1409.2962566058814,0.0
203,2025-12-31T03:18:19.875392+00:00,42,863417.5347398545,0,0.8996523108131022,3.9277817784146256,0.8538082541619801,575.0722316495174,3444096.428239808,193.77315771705116,1418.4096280189456,0.0
204,2025-12-31T03:18:21.715327+00:00,42,800342.6032326894,0,0.8946371893089848,3.4622238123998703,0.8115238982634666,525.6373542751738,3192164.786141254,166.68227252092922,1396.466649656843,0.0
205,2025-12-31T03:18:23.420691+00:00,42,809738.9191762984,0,1.0284482709695733,3.346750539863457,0.8118500043593949,512.6507612867587,3230112.204709741,158.71372991439839,1335.8241663565377,0.0
206,2025-12-31T03:18:25.124865+00:00,42,811439.5534220776,0,1.0385370406806205,3.217935089171648,0.8,540.4761493709409,3235769.5040673837,169.4013370699051,1545.8837113489994,0.0
207,2025-12-31T03:18:26.820968+00:00,42,809648.9719445443,0,0.9307815787314712,3.5572863097688048,0.8253755683301158,478.10176760386065,3229460.5301929857,145.9847721295947,1431.7889711802507,0.0
208,2025-12-31T03:18:28.592940+00:00,42,796586.8948025557,0,0.9627143623929916,3.18097421573279,0.8182429870936477,493.71622398668,3177355.003790909,155.01709659825246,1384.5144774024036,0.0
209,2025-12-31T03:18:30.204169+00:00,42,726726.5676660802,0,0.9233928292485202,4.0957969987078,0.8,458.8822743008155,2898134.030256169,139.20932728512685,1375.5435261384841,0.0
210,2025-12-31T03:18:32.000162+00:00,42,787030.1861290269,0,0.920557162252684,3.8758023168667877,0.8241833730001148,523.0246013287699,3138916.7170133,166.88356250169656,1398.2101140600605,0.0
211,2025-12-31T03:18:33.713064+00:00,42,834752.6605156194,0,0.9726234653105291,3.2077836384099854,0.8187859639823063,503.06616511786166,3329541.917018955,155.97989937426755,1475.4392967818105,0.0
212,2025-12-31T03:18:35.583111+00:00,42,832270.7171376331,0,0.9014679093612202,3.784045667101907,0.8,537.657186407792,3319391.614679655,172.17382501735247,1484.8766552509157,0.0
213,2025-12-31T03:18:37.265905+00:00,42,835260.1626709541,0,0.9725381589236585,3.4714831623332163,0.8,490.23992105296475,3332154.329813845,150.21322510831934,1367.6769678124701,0.0
214,2025-12-31T03:18:39.226754+00:00,42,726056.9931564281,0,0.9853780623927465,3.7859561901284535,0.8,535.1502356242007,2894871.704437612,170.9769797511061,1417.7755196251876,0.0
215,2025-12-31T03:18:41.082450+00:00,42,786176.0318025303,0,1.0207712805946025,3.5812671071545052,0.8066437215993307,539.0818458002005,3134110.43518658,169.20497586723013,1673.1818121373567,0.0
216,2025-12-31T03:18:42.927069+00:00,42,816673.8773048586,0,0.9640225413301642,3.527563053386844,0.8171804084656267,565.2141666960316,3256447.16837088,183.82611282964058,1572.1461481206002,0.0
217,2025-12-31T03:18:44.671962+00:00,42,803600.8786737852,0,0.9255089831776846,3.5899713369605655,0.8385765607793085,497.76829589613243,3205313.070364879,156.0817232128962,1400.9947939513688,0.0
218,2025-12-31T03:18:46.441588+00:00,42,791971.2391378186,0,0.9011665653209946,2.989628734346581,0.8445356253043138,519.908134126435,3157945.589840438,161.58784276745578,1556.6506982684157,0.0
219,2025-12-31T03:18:48.180884+00:00,42,754692.880840256,0,1.0734824375667276,3.5918820539906284,0.8,542.0671494238078,3007996.7820007633,167.90409987262748,1709.0631089314688,0.0
220,2025-12-31T03:18:50.065221+00:00,42,757817.8230848594,0,0.9362114649841861,3.6275959486732274,0.8013149652394942,535.3577930020824,3021676.6037670467,176.40862181058483,1464.5576475077803,0.0
221,2025-12-31T03:18:52.072907+00:00,42,847284.0169691155,0,0.8976720698293427,3.887331176368371,0.8184613144308944,555.1391683513784,3379421.046649669,184.6546820895219,1469.019440910985,0.0
222,2025-12-31T03:18:53.935923+00:00,42,821440.5295402675,0,0.8793832260902646,3.9232218531338945,0.8551375769907297,563.1496523946694,3275595.286500366,181.86662031069258,1557.8652421624395,0.0
223,2025-12-31T03:18:55.839377+00:00,42,793081.708504181,0,0.9593687917985703,3.6122652850048764,0.8024650602782478,549.7825482757855,3162001.7626525224,178.59950000930223,1603.604660640906,0.0
224,2025-12-31T03:18:57.592828+00:00,42,811724.1613834237,0,0.9806470206560823,3.1942613519732626,0.8098185142954836,505.97162004120304,3238070.951144503,157.5259325274308,1338.28034811688,0.0
225,2025-12-31T03:18:59.359527+00:00,42,756279.34993143,0,0.9323724262673765,4.267810337512242,0.8016929918127094,525.5152401174859,3015575.7377312067,167.76348714763,1466.0351385185697,0.0
226,2025-12-31T03:19:00.997227+00:00,42,766145.5060131478,0,1.0311733011753283,3.382340624290826,0.8199673574272953,514.3404763777893,3055272.90485787,155.96403593410847,1432.8007506183123,0.0
227,2025-12-31T03:19:02.718090+00:00,42,817361.6911531584,0,0.9664459085035704,3.4527486592659935,0.8101306441753149,512.763383565641,3259855.845790608,157.45454451143834,1492.0779960283212,0.0
228,2025-12-31T03:19:04.428011+00:00,42,725252.648048611,0,1.0093156000095083,3.616325322339448,0.8,442.740062404464,2892752.5571113415,135.42092069116254,1283.763463297118,0.0
229,2025-12-31T03:19:06.236853+00:00,42,809876.4909188005,0,0.950271680170674,3.4427359051876745,0.8,516.5497311758328,3229664.5160809327,164.5147044916528,1537.586120580429,0.0
230,2025-12-31T03:19:08.059377+00:00,42,818179.7936781287,0,0.9471984828967056,3.2017671688207727,0.8,518.9432269251497,3263806.1984716826,164.53818391544266,1342.1482691114911,0.0
231,2025-12-31T03:19:09.683381+00:00,42,741009.930916867,0,0.9742539039468165,3.5566472247745238,0.8,494.78695315878826,2954939.8284028578,145.61995816286827,1410.6790734134281,0.0
232,2025-12-31T03:19:11.917166+00:00,42,789113.3272477763,0,0.9887872095987819,3.7951737602077,0.8,549.9546492952078,3146245.2368738675,179.8710375449276,1578.450631239398,0.0
233,2025-12-31T03:19:13.854318+00:00,42,812296.6817230332,0,0.8879068457107958,3.964205202519729,0.8142575523654786,577.7469404191557,3238838.4101049397,192.738424326194,1578.0743348194621,0.0
234,2025-12-31T03:19:15.951679+00:00,42,771537.5824520207,0,1.065479605410427,3.8395194132429094,0.8151780128143167,592.0788509686157,3075612.173643943,198.83743084667572,1602.6314429652957,0.0
235,2025-12-31T03:19:17.789171+00:00,42,798012.863565096,0,0.9431021551963802,3.958495593785665,0.820875182253984,525.0507988802086,3182049.15071368,166.41790560292267,1563.0619536951856,0.0
236,2025-12-31T03:19:19.612644+00:00,42,750035.5353423061,0,1.0111974962527208,3.5570659580342427,0.8,548.0149604326635,2989864.938812431,176.1892603944685,1596.3101021075743,0.0
237,2025-12-31T03:19:21.360812+00:00,42,807142.112217648,0,0.9281177436378163,3.9507033499791246,0.8418341239911499,522.8214596874695,3218925.902419018,160.58264451367114,1492.8879720814382,0.0
238,2025-12-31T03:19:23.325205+00:00,42,706681.2326685484,0,0.9290903521704249,3.586030715287501,0.8134109907969035,564.3277229117501,2816203.648584494,187.7714902313285,1627.774921145307,0.0
239,2025-12-31T03:19:25.092406+00:00,42,863210.3608200542,0,0.9393181438409721,3.999078929567395,0.8,554.5517066687535,3443723.409008145,180.1463491667331,1347.3908765409085,0.0
240,2025-12-31T03:19:26.789567+00:00,42,763352.8353341197,0,0.9114328535895804,3.478737933436994,0.8,522.7243521062776,3044346.694607407,166.23929045476345,1369.7447965740553,0.0
241,2025-12-31T03:19:28.541592+00:00,42,850318.6327221978,0,0.9048600505118888,3.43891599887165,0.8010466257155764,589.004583420129,3390741.063573865,185.78915298321695,1610.7406279346067,0.0
242,2025-12-31T03:19:30.524084+00:00,42,867859.7793640393,0,1.004537058641284,3.6399446382682172,0.8,568.4660573466612,3461745.8011498065,187.63716185810202,1451.9006017717759,0.0
243,2025-12-31T03:19:32.166473+00:00,42,750348.2378650695,0,0.948380877863342,4.028214920057833,0.8,485.34252346009765,2991765.42041233,150.40792700456637,1526.0795686035387,0.0
244,2025-12-31T03:19:33.831228+00:00,42,799369.1578541986,0,0.9074071014133618,3.8810275214076952,0.8005562706464892,529.0552518768454,3187904.3003623723,164.92655269297484,1470.8929834274081,0.0
245,2025-12-31T03:19:35.462976+00:00,42,792750.6178256623,0,0.9821939609956462,3.709368796086839,0.822713064978178,504.5757153611687,3161413.5596586424,155.07249934102796,1499.6739133632416,0.0
246,2025-12-31T03:19:37.015893+00:00,42,815069.9551124291,0,0.9014309463676407,3.7098374383889476,0.8008165770793125,507.8890767706242,3250154.4900590847,151.88071051691355,1610.2625788142768,0.0
247,2025-12-31T03:19:38.666186+00:00,42,802470.5782031139,0,0.8927519314845931,3.2444194492648215,0.8223311142706202,482.0946995937001,3200316.833587376,146.40615730297944,1517.8595102453464,0.0
248,2025-12-31T03:19:40.272343+00:00,42,789614.1406655074,0,0.9342689814951284,3.406778749131229,0.8035648429378683,508.0111168076517,3149083.5577668124,157.26041763841764,1450.736547011301,0.0
249,2025-12-31T03:19:42.098508+00:00,42,750523.2578805599,0,1.005259600994358,3.029241480013851,0.8,520.9484216287592,2993431.9151959736,170.8361199500623,1284.8574899730402,0.0
250,2025-12-31T03:19:44.040762+00:00,42,749506.2283988284,0,0.9068161466306185,4.151816493641527,0.8126552250140915,563.124574736038,2988222.980474019,191.922413442784,1476.8377146017265,0.0
251,2025-12-31T03:19:45.863467+00:00,42,835989.8073142404,0,0.9879459233837302,3.371414557887559,0.8,528.247210843875,3334711.6864320165,174.17566125181938,1399.2775822011167,0.0
252,2025-12-31T03:19:47.568498+00:00,42,748496.1421243984,0,0.9726097542442814,3.730945132906062,0.8190428690767674,544.9226131375109,2984607.6287814025,173.90429483840217,1412.4747825059583,0.0
253,2025-12-31T03:19:49.211213+00:00,42,798476.6232858556,0,0.9421064882770257,3.796905951561816,0.8096679954617509,528.624080784591,3183329.6574433967,164.18798127619777,1680.8933795467838,0.0
254,2025-12-31T03:19:51.005038+00:00,42,854098.3160894602,0,0.9884475305176678,3.955565318208769,0.8,541.8116341739609,3406722.017360183,177.14128692702752,1474.7627859034712,0.0
255,2025-12-31T03:19:52.520218+00:00,42,764326.4031177829,0,0.8432458051852303,4.01398645292088,0.8343785396623148,529.356179657002,3047535.9302669377,160.20406391440653,1514.1182775356601,0.0
256,2025-12-31T03:19:54.446910+00:00,42,785340.5800501915,0,0.9021247909049511,3.1555122116617396,0.8082499731282011,630.5333730227854,3130664.2908822075,212.22181464497976,1597.2007231914486,0.0
257,2025-12-31T03:19:56.025703+00:00,42,859155.0923623847,0,0.9957949307064168,4.252741190355723,0.8182642791544632,497.3732817364394,3426767.7511350135,152.81759547090266,1561.742283010326,0.0
258,2025-12-31T03:19:57.631796+00:00,42,794961.2132446446,0,0.933272294405478,3.4455236471499693,0.8061479684241241,515.7432182140054,3170376.6358858864,161.19527866302482,1462.1615731342267,0.0
259,2025-12-31T03:19:59.336848+00:00,42,765100.8065329647,0,0.9367499900550991,3.408942461906783,0.8550432730447473,507.77920150614597,3050865.05246067,160.8376372927085,1483.5513615961484,0.0
260,2025-12-31T03:20:00.953077+00:00,42,795384.1263488244,0,1.0368027791410537,4.054277438692057,0.8,485.9390570209692,3173173.9852329665,150.476566118544,1262.0042032422386,0.0
