tick,edge_id,mode,flow
0,1,ped,19.0857
0,2,car,193.2115
0,4,car,170.5127
0,4,ped,26.6775
0,5,car,70.8608
0,6,ped,25.3442
0,7,car,67.5096
0,8,ped,57.7307
0,8,transit,21.3395
0,9,car,118.0803
0,9,transit,25.9549
0,10,car,187.0814
0,10,transit,54.1458
0,11,ped,23.8906
0,11,transit,22.4565
0,12,car,33.174
0,13,car,46.8637
0,13,transit,27.5602
0,14,car,57.7993
0,14,transit,13.3219
0,15,car,66.6947
0,15,ped,22.2305
0,15,transit,18.4256
0,16,car,107.5602
0,17,car,86.5926
0,17,ped,121.6022
0,18,car,7.7751
0,19,car,133.892
0,19,ped,139.7943
0,21,car,288.5941
0,21,ped,177.2425
0,22,car,498.9385
0,22,ped,429.7767
0,23,car,107.3336
0,23,ped,224.2152
0,24,car,52.9463
0,24,ped,184.5557
0,25,car,136.9816
0,25,ped,107.914
0,27,car,23.8229
0,28,ped,38.1933
0,29,car,10.6984
0,29,ped,17.7269
0,30,ped,45.1597
0,31,car,51.6661
0,31,ped,44.4423
0,32,car,210.3687
0,32,ped,16.163
0,34,car,144.8979
0,34,ped,20.8685
0,35,car,6.0321
0,36,ped,24.093
0,37,car,146.1186
0,38,car,121.2022
0,38,ped,83.6266
0,39,car,247.1977
0,40,car,124.2583
0,40,ped,58.3545
0,41,car,158.4521
0,41,ped,46.4743
0,42,car,205.8488
0,42,ped,24.1178
0,44,car,202.3822
0,45,ped,37.2514
0,45,transit,13.5594
0,46,car,293.8512
0,46,transit,22.0995
0,47,car,467.5506
0,47,ped,42.9638
0,47,transit,81.73
0,48,car,186.2917
0,48,transit,100.2861
0,49,car,520.9653
0,49,ped,65.1194
0,49,transit,104.8589
0,50,car,168.9168
0,50,ped,29.4023
0,50,transit,39.3051
0,51,ped,94.3602
0,51,transit,10.969
0,52,car,178.8586
0,54,car,38.6618
0,54,transit,19.2548
0,55,ped,48.1369
0,55,transit,14.503
0,56,car,94.2693
0,57,car,1164.558
0,57,ped,434.2859
0,58,car,941.7545
0,60,car,857.1243
0,62,car,732.0303
0,63,ped,24.2164
0,64,car,704.1873
0,65,car,379.651
0,65,ped,74.7214
0,66,car,706.2876
0,66,ped,36.6836
0,67,car,686.4369
0,68,car,227.8173
0,68,ped,94.7956
0,69,car,290.0017
0,69,ped,58.5104
0,70,car,86.5926
0,70,ped,5.1516
0,71,car,57.3274
0,71,ped,46.142
0,73,car,335.9261
0,73,transit,19.2117
0,74,car,635.2666
0,74,ped,36.0502
0,74,transit,19.9871
0,75,car,130.1451
0,76,car,269.9774
0,76,transit,7.2465
0,77,car,180.1646
0,77,ped,28.3579
0,78,car,76.4547
0,78,ped,28.5104
0,78,transit,69.6858
0,79,car,229.7138
0,79,transit,69.7467
0,80,car,270.5914
0,80,ped,73.7186
0,80,transit,51.3715
0,81,car,727.0716
0,81,ped,111.6926
0,81,transit,12.7434
0,82,car,99.2381
0,83,car,562.5198
0,84,car,436.9299
0,84,ped,35.7171
0,84,transit,81.5579
0,85,car,841.2033
0,85,transit,0.0905
0,86,car,1129.3746
0,86,transit,62.1578
0,87,car,114.1003
0,87,ped,58.1508
0,87,transit,17.8054
0,88,car,1293.9197
0,88,transit,30.1955
0,89,car,1251.6471
0,89,ped,62.3448
0,90,car,1066.3961
0,91,car,891.8211
0,91,ped,473.0427
0,92,car,177.4685
0,92,ped,31.9394
0,93,car,97.7684
0,94,car,192.1944
0,95,ped,71.2382
0,96,car,28.3871
0,97,car,110.7425
0,97,ped,4.4494
0,98,ped,39.584
0,99,car,445.1246
0,99,ped,13.8655
0,100,car,390.5819
0,100,ped,5.1971
0,101,car,211.5759
0,101,ped,18.2192
0,102,car,249.9288
0,102,ped,219.2518
0,103,car,177.9359
0,104,car,236.0519
0,105,car,138.4996
0,105,ped,83.5342
0,106,car,75.0105
0,107,car,13.864
0,107,transit,16.0316
0,108,car,546.4572
0,109,car,192.2784
0,109,ped,43.1618
0,109,transit,47.7555
0,110,car,477.6705
0,110,ped,54.1645
0,110,transit,33.5258
0,111,car,343.4331
0,111,transit,76.1584
0,112,car,53.7389
0,113,car,535.6488
0,114,car,355.0531
0,114,ped,137.8625
0,115,car,787.9217
0,115,ped,121.7552
0,115,transit,8.82
0,116,car,969.404
0,117,car,491.5878
0,117,ped,5.3286
0,118,car,948.5499
0,119,car,1694.0383
0,119,ped,0.2261
0,120,car,287.9006
0,121,car,268.8363
0,121,ped,119.1648
0,122,car,352.3562
0,122,ped,141.8383
0,123,car,451.1679
0,124,ped,525.1461
0,125,car,385.2814
0,125,ped,499.8051
0,126,car,659.5152
0,127,car,427.8802
0,128,car,919.3931
0,128,ped,15.7175
0,129,car,1196.728
0,131,car,854.1844
0,133,car,731.477
0,134,car,732.2807
0,135,car,349.424
0,136,car,105.2411
0,137,car,55.7516
0,138,car,118.7834
0,138,ped,242.2382
0,139,car,338.2001
0,139,ped,415.5251
0,140,car,141.8738
0,140,ped,127.0106
0,141,car,86.5926
0,142,ped,32.834
0,143,car,208.082
0,144,car,820.8089
0,144,ped,32.8547
0,145,car,87.8012
0,145,ped,40.8005
0,146,car,425.7017
0,146,transit,18.1854
0,148,car,82.5239
0,149,car,355.0531
0,149,ped,31.9283
0,150,car,83.4769
0,150,ped,126.2007
0,151,car,1355.6676
0,151,ped,75.2048
0,152,car,1445.6194
0,152,ped,89.8688
0,153,car,175.4341
0,153,ped,38.3074
0,154,car,992.2909
0,154,ped,3.6749
0,155,car,1106.2478
0,156,car,1038.6929
0,157,car,73.0435
0,158,car,1120.8841
0,159,car,887.159
0,159,ped,159.372
0,160,car,61.9107
0,160,ped,654.9032
0,161,car,756.713
0,162,car,752.7955
0,163,car,665.4991
0,164,car,541.1645
0,164,ped,24.0881
0,165,car,277.4183
0,166,car,311.0444
0,167,car,33.6261
0,167,ped,3.9976
0,168,car,205.4346
0,169,car,912.6915
0,169,ped,22.7955
0,170,car,205.4346
0,170,ped,89.6401
0,171,car,76.5871
0,171,ped,96.7094
0,172,car,205.4346
0,173,car,55.7516
0,173,ped,65.9631
0,174,car,88.136
0,175,car,434.5661
0,175,ped,430.4097
0,176,car,86.1522
0,177,car,57.7326
0,178,car,8.2497
0,178,ped,39.0639
0,179,car,852.9906
0,180,car,468.995
0,180,ped,47.8645
0,180,transit,16.404
0,181,car,133.9856
0,182,car,2003.7359
0,183,car,1699.6549
0,183,ped,13.0289
0,184,car,63.6578
0,185,car,397.8628
0,186,car,661.2716
0,187,car,926.7062
0,187,ped,16.4381
0,188,car,1143.1452
0,188,ped,6.8579
0,189,car,552.1302
0,190,car,1997.0289
0,191,car,1267.8228
0,191,ped,16.5335
0,192,car,71.5882
0,192,ped,678.715
0,193,car,825.9266
0,194,ped,683.0509
0,195,car,599.7007
0,195,ped,698.2179
0,197,car,70.1968
0,197,ped,26.9988
0,198,car,200.3608
0,199,car,232.4935
0,200,car,287.3422
0,200,ped,14.6462
0,201,car,734.3458
0,202,car,610.4649
0,202,ped,1046.7984
0,203,car,209.7792
0,203,ped,944.8096
0,204,car,70.4979
0,204,ped,832.9867
0,205,car,664.225
0,205,ped,295.8481
0,206,car,117.8992
0,206,ped,44.9832
0,209,car,123.7715
0,210,car,441.0346
0,211,car,694.5092
0,211,ped,26.0795
0,212,car,599.905
0,212,ped,70.6688
0,213,car,1341.3998
0,213,ped,106.4931
0,214,car,915.2383
0,215,car,543.7675
0,215,ped,71.8334
0,216,car,1511.2462
0,217,car,471.2401
0,218,car,516.3212
0,218,ped,14.6259
0,219,car,49.4868
0,219,ped,49.586
0,220,car,199.8629
0,221,car,452.6156
0,222,car,308.5487
0,222,ped,7.0896
0,223,car,199.9822
0,223,ped,60.985
0,224,car,43.3422
0,225,car,1390.0727
0,225,ped,39.0025
0,226,car,74.1247
0,226,ped,21.4724
0,227,car,1418.307
0,228,car,690.5879
0,228,ped,27.605
0,229,car,50.7733
0,229,ped,759.8583
0,230,car,122.7709
0,231,car,79.4287
0,232,car,47.3526
0,234,car,325.4223
0,236,car,743.1928
0,236,ped,1127.9683
0,237,car,605.9722
0,238,car,472.3111
0,238,ped,31.8001
0,239,car,114.1795
0,239,ped,113.4072
0,240,car,29.9097
0,240,ped,132.2467
0,241,ped,71.8945
0,242,car,130.0354
0,242,ped,63.7902
0,243,car,540.5924
0,244,car,419.1093
0,245,car,326.8776
0,246,car,170.1691
0,246,ped,51.1651
0,247,car,267.3405
0,247,ped,5.476
0,248,car,1470.961
0,249,car,2743.4629
0,250,car,492.4765
0,251,ped,159.1263
0,252,car,86.3913
0,252,ped,230.2555
0,253,car,86.3913
0,253,ped,302.8271
0,254,car,342.6208
0,254,ped,466.1816
0,255,car,86.3913
0,255,ped,125.7039
0,256,car,56.6361
0,257,car,109.4152
0,258,car,215.046
0,259,car,1470.0064
0,260,car,1830.9975
0,260,ped,8.7205
0,261,car,827.3084
0,262,car,739.6122
0,263,car,93.4773
0,264,car,10.1664
0,264,ped,775.4764
0,265,car,93.4773
0,266,ped,52.1082
0,267,car,97.5918
0,269,car,291.5525
0,269,ped,1104.464
0,270,ped,1091.4372
0,271,car,1322.1495
0,272,car,609.3017
0,273,car,75.1327
0,273,ped,85.5937
0,274,ped,106.9459
0,275,car,130.979
0,277,car,108.9872
0,277,ped,39.984
0,278,car,3.0561
0,279,car,177.3951
0,279,ped,57.7939
0,280,car,363.1974
0,281,car,162.0806
0,281,ped,51.0238
0,282,car,584.2245
0,283,car,197.5429
0,285,car,2814.397
0,286,car,111.81
0,286,ped,54.7743
0,287,car,66.6439
0,287,ped,86.9804
0,288,car,86.5471
0,290,car,410.2846
0,290,ped,492.2061
0,291,car,179.2183
0,292,ped,43.3006
0,293,car,142.3436
0,293,ped,50.6589
0,294,ped,121.922
0,295,car,1848.6934
0,296,car,204.6915
0,296,ped,158.0192
0,297,car,739.6122
0,297,ped,144.1155
0,298,car,162.2315
0,298,ped,344.3188
0,299,car,87.8316
0,299,ped,6.2253
0,300,car,250.0631
0,300,ped,1069.5885
0,302,car,225.9345
0,302,ped,1130.9769
0,303,ped,2046.7784
0,304,car,277.2835
0,304,ped,1326.0423
0,305,car,376.4922
0,306,car,87.8637
0,306,ped,257.2218
0,307,car,1415.0398
0,307,ped,235.1692
0,308,car,274.1411
0,309,car,248.9541
0,310,car,190.74
0,311,car,112.1395
0,311,ped,24.5515
0,312,car,169.0923
0,312,ped,22.2425
0,313,car,431.126
0,314,car,441.9115
0,315,ped,69.6513
0,316,car,155.0791
0,317,car,2801.9237
0,317,ped,67.9863
0,318,car,150.7721
0,320,car,129.7974
0,321,car,277.9069
0,321,ped,27.1457
0,322,car,468.1672
0,322,ped,45.5486
0,323,car,38.9622
0,324,car,672.4708
0,324,ped,598.9545
0,325,car,672.122
0,325,ped,633.1028
0,326,car,942.4781
0,327,car,713.5875
0,328,car,1540.9773
0,328,ped,38.8194
0,329,car,219.2795
0,329,ped,77.8223
0,330,car,837.3964
0,331,car,224.5872
0,332,car,77.1193
0,333,car,120.5697
0,334,car,16.6718
0,334,ped,2110.3374
0,335,car,207.7736
0,335,ped,2107.7908
0,336,car,93.9203
0,337,car,269.9664
0,338,car,186.4013
0,339,ped,30.7213
0,340,car,1557.4321
0,341,car,284.0075
0,341,ped,185.3654
0,342,car,67.504
0,342,ped,109.1802
0,343,car,35.6044
0,343,ped,37.0476
0,344,car,190.74
0,345,car,59.2698
0,346,car,200.8054
0,347,car,325.3989
0,347,ped,138.0491
0,348,car,350.8078
0,349,car,640.5342
0,349,ped,116.4322
0,350,car,81.8613
0,351,car,59.2384
0,351,ped,101.1364
0,352,car,104.0041
0,353,car,2799.3376
0,353,ped,113.4283
0,354,car,181.807
0,354,ped,22.0694
0,355,ped,60.9985
0,356,car,223.2024
0,357,car,173.2402
0,358,ped,678.5754
0,359,car,93.3788
0,359,ped,663.59
0,360,car,863.3927
0,361,car,278.5664
0,361,ped,30.3434
0,363,car,199.6735
0,364,car,540.8012
0,365,car,1181.3864
0,365,ped,20.335
0,366,car,1843.1196
0,367,car,52.8709
0,368,car,111.7033
0,368,ped,2140.7637
0,369,car,109.8826
0,369,ped,2127.4621
0,370,car,637.7847
0,370,ped,56.0961
0,371,car,818.6146
0,372,car,93.9203
0,372,ped,39.2234
0,373,car,734.8496
0,373,ped,27.341
0,374,car,115.3147
0,375,car,665.6943
0,376,car,1366.8075
0,377,car,135.2146
0,377,ped,61.0378
0,379,car,67.286
0,380,car,131.4065
0,381,car,59.3335
0,381,ped,18.1225
0,382,car,76.0747
0,383,ped,19.0031
0,384,car,121.4458
0,385,car,928.8765
0,385,ped,362.0004
0,386,car,929.5757
0,386,ped,504.5862
0,387,car,1311.7141
0,387,ped,663.3475
0,388,car,53.4127
0,388,ped,241.712
0,389,car,1406.7005
0,389,ped,1026.9439
0,390,car,3175.121
0,391,car,1863.9205
0,391,ped,1062.5545
0,392,car,254.7125
0,392,ped,145.5481
0,393,car,2031.8371
0,393,ped,1318.1349
0,394,car,2125.8662
0,394,ped,1352.3596
0,395,car,2066.6277
0,395,ped,1762.2477
0,396,car,736.7088
0,396,ped,1799.6398
0,397,car,1311.3679
0,398,car,487.6301
0,398,ped,14.1267
0,399,car,897.8625
0,400,car,437.2951
0,400,ped,1400.3204
0,401,car,823.7378
0,401,ped,1411.6209
0,402,car,670.4686
0,402,ped,814.013
0,403,car,2295.0337
0,403,ped,2154.8065
0,404,car,1356.5886
0,405,car,944.4689
0,407,car,271.0259
0,408,car,153.0608
0,408,ped,61.9697
0,409,car,271.0259
0,410,car,928.894
0,410,ped,29.7716
0,411,car,1088.8876
0,412,car,273.9042
0,412,ped,49.5273
0,413,car,344.701
0,415,car,265.9019
0,415,ped,55.706
0,416,car,470.5796
0,416,ped,66.6159
0,417,car,261.9165
0,417,ped,55.706
0,419,ped,121.7942
0,420,car,106.9978
0,420,ped,187.1365
0,421,car,281.0525
0,421,ped,95.9343
0,422,car,369.163
0,423,car,356.5178
0,423,ped,51.9539
0,423,transit,23.4603
0,424,car,7.224
0,424,transit,14.7048
0,425,car,52.3317
0,425,ped,204.3264
0,425,transit,0.3328
0,426,car,3143.3673
0,426,ped,77.6549
0,427,ped,93.8493
0,428,car,204.0138
0,429,car,12.6728
0,429,ped,22.8325
0,430,car,77.811
0,431,car,181.5954
0,432,car,116.3028
0,432,ped,30.0653
0,433,car,143.4623
0,434,car,627.5301
0,434,ped,1773.6209
0,435,car,411.4903
0,435,ped,1780.0477
0,436,car,962.5123
0,436,ped,1789.1877
0,437,car,67.1546
0,437,ped,880.407
0,438,car,787.4325
0,439,car,960.6574
0,440,car,779.9597
0,440,ped,809.8393
0,442,car,2188.4553
0,442,ped,770.906
0,443,car,1259.9841
0,443,ped,797.5633
0,444,car,819.8534
0,445,car,93.9203
0,445,ped,134.1983
0,446,car,802.3106
0,446,ped,56.2295
0,447,car,928.495
0,448,car,766.7472
0,449,car,58.2069
0,450,car,980.0754
0,450,ped,71.6819
0,451,car,233.3203
0,451,ped,101.2215
0,452,car,508.3736
0,453,car,52.7746
0,454,car,91.8044
0,455,car,56.0987
0,455,ped,41.2669
0,456,ped,54.315
0,457,car,49.6163
0,458,car,211.1115
0,458,ped,52.3594
0,459,car,55.1049
0,459,ped,90.0537
0,460,car,1423.3758
0,460,transit,28.0135
0,461,car,1345.4681
0,461,ped,197.0247
0,462,car,205.9595
0,462,ped,29.7184
0,463,car,1682.6258
0,463,ped,90.0537
0,464,car,333.1507
0,465,car,1547.9746
0,465,ped,129.8484
0,466,car,1582.2043
0,466,ped,86.1909
0,467,car,97.8722
0,468,car,45.366
0,469,car,483.7948
0,469,ped,1051.9591
0,470,car,437.1031
0,470,ped,1099.0495
0,471,car,491.1171
0,471,ped,11.9026
0,472,car,372.1816
0,472,ped,2020.3731
0,473,ped,292.468
0,474,car,906.0895
0,475,car,885.3881
0,475,ped,872.7797
0,476,car,92.5192
0,476,ped,227.0401
0,477,car,200.2772
0,477,ped,628.2549
0,478,car,74.0927
0,479,car,52.9477
0,479,ped,620.739
0,480,car,125.5877
0,480,ped,445.8189
0,481,car,1108.8966
0,481,ped,1273.106
0,482,car,2068.4924
0,483,car,1032.805
0,483,ped,1131.467
0,484,ped,1066.499
0,485,car,92.9163
0,485,ped,39.3856
0,486,car,58.2069
0,487,car,39.2207
0,488,car,272.0202
0,488,ped,116.3063
0,489,car,264.3496
0,489,ped,195.8425
0,490,car,17.6231
0,490,ped,48.045
0,491,car,3.1523
0,492,car,124.82
0,493,car,114.6642
0,494,car,215.757
0,495,car,1291.903
0,495,transit,38.1197
0,496,car,48.7068
0,497,car,90.654
0,497,transit,34.2241
0,498,car,48.7068
0,498,transit,13.6233
0,499,car,346.2095
0,499,ped,26.4655
0,500,car,48.7068
0,500,transit,7.4934
0,501,car,1388.5175
0,502,ped,957.3938
0,503,car,170.0703
0,503,ped,952.4844
0,504,car,255.8091
0,504,ped,123.1611
0,505,car,27.8486
0,505,ped,17.3576
0,506,car,87.9128
0,507,car,456.114
0,508,car,457.4359
0,508,ped,22.726
0,509,car,85.7055
0,509,ped,236.27
0,510,car,834.3011
0,510,ped,225.7201
0,511,car,104.0684
0,511,ped,205.4986
0,512,car,67.5571
0,513,car,119.8161
0,514,ped,25.9835
0,515,car,81.8463
0,515,ped,403.0118
0,516,car,1907.2114
0,516,ped,35.6806
0,517,car,203.7401
0,517,ped,36.8041
0,519,car,200.699
0,519,ped,1030.3476
0,520,car,58.2069
0,521,car,183.971
0,521,ped,1023.9138
0,522,car,103.8119
0,522,ped,994.2525
0,523,car,210.6636
0,524,car,229.772
0,525,car,164.561
0,525,ped,260.2335
0,526,ped,238.9901
0,527,car,72.5841
0,527,ped,66.4
0,528,car,276.6499
0,529,car,182.0907
0,529,transit,14.854
0,530,car,522.1896
0,530,transit,21.5078
0,531,car,751.27
0,531,transit,12.3674
0,532,car,208.4686
0,532,ped,40.3308
0,532,transit,38.204
0,533,car,66.6439
0,533,transit,7.5876
0,534,car,208.4686
0,534,ped,106.0435
0,534,transit,14.4863
0,535,car,394.9288
0,535,ped,308.9604
0,536,car,114.6194
0,536,ped,512.0467
0,536,transit,2.912
0,537,car,954.1283
0,538,car,777.4934
0,538,ped,583.2781
0,539,car,398.9722
0,539,ped,393.9536
0,540,car,611.3107
0,541,car,251.6155
0,541,ped,74.7495
0,543,car,514.0317
0,544,car,616.2133
0,545,car,1258.6987
0,546,car,11.5685
0,546,ped,217.7581
0,547,car,456.6675
0,548,car,36.5113
0,548,ped,185.2649
0,549,car,336.5026
0,550,car,1071.9476
0,550,ped,165.3228
0,551,car,1347.9051
0,551,ped,152.9474
0,552,car,283.3222
0,552,ped,227.8846
0,553,car,1276.6027
0,554,car,64.1141
0,555,car,1041.4485
0,556,car,71.7881
0,556,ped,55.636
0,557,car,877.6331
0,558,car,703.6382
0,559,car,226.4874
0,561,car,93.5478
0,561,ped,954.9431
0,562,car,229.772
0,562,ped,627.3689
0,563,car,78.7423
0,563,ped,321.8797
0,565,car,58.0378
0,565,ped,30.3517
0,566,ped,102.3465
0,567,car,131.6981
0,567,ped,117.5928
0,569,car,770.6151
0,570,car,49.3195
0,570,ped,68.3847
0,571,ped,181.1417
0,572,car,313.64
0,572,ped,55.6648
0,573,car,212.4656
0,574,car,973.4174
0,574,ped,296.0099
0,575,ped,270.8974
0,576,car,195.4548
0,577,car,47.4642
0,577,ped,59.373
0,578,car,35.6583
0,579,car,35.6583
0,579,ped,41.1175
0,580,car,121.5758
0,581,car,473.8111
0,581,ped,69.2174
0,583,car,963.143
0,583,ped,515.5077
0,584,car,832.2809
0,584,ped,426.6045
0,585,car,36.5113
0,586,car,865.3304
0,586,ped,229.8407
0,587,car,216.3816
0,587,ped,54.7265
0,588,car,130.1941
0,588,ped,62.6864
0,589,car,301.1096
0,589,ped,174.7914
0,590,car,44.9848
0,590,ped,151.4135
0,591,car,44.9848
0,591,ped,95.0143
0,592,car,71.7881
0,593,car,33.0496
0,594,car,204.7462
0,594,ped,31.1617
0,595,car,453.1685
0,597,car,415.912
0,597,ped,8.0053
0,598,car,465.7866
0,598,ped,567.0148
0,599,car,93.4069
0,600,car,7.7751
0,600,ped,46.8001
0,602,car,116.7157
0,602,ped,104.9807
0,603,car,186.7213
0,604,car,353.7285
0,605,car,247.9692
0,605,ped,24.311
0,606,car,167.5808
0,607,car,106.0075
0,607,ped,46.8591
0,608,car,165.1662
0,609,car,51.5779
0,609,ped,19.8377
0,610,car,878.8494
0,610,ped,260.1069
0,611,car,468.1518
0,611,ped,198.9786
0,612,car,647.3388
0,612,ped,31.2452
0,613,car,648.4647
0,615,car,796.4535
0,615,ped,26.286
0,616,car,1459.601
0,616,ped,152.685
0,617,car,1694.4546
0,618,car,154.4922
0,618,ped,512.4637
0,619,car,656.3643
0,619,ped,7.04
0,620,car,121.9969
0,620,ped,5.2346
0,621,car,653.2294
0,622,car,493.602
0,622,ped,20.8935
0,623,car,288.0431
0,624,car,286.9271
0,624,ped,169.3366
0,625,car,288.0431
0,627,car,226.4531
0,628,car,226.4531
0,629,car,204.7462
0,629,ped,127.1703
0,630,car,133.4029
0,630,ped,60.2201
0,631,car,47.9173
0,632,car,408.706
0,632,ped,516.3771
0,633,car,90.9232
0,633,ped,45.2244
0,634,car,7.7751
0,635,car,95.5188
0,637,car,95.5188
0,637,ped,108.1502
0,638,car,211.828
0,638,ped,100.1582
0,639,car,95.5188
0,640,car,631.5049
0,640,ped,67.9273
0,641,car,962.4197
0,642,car,82.1102
0,643,car,980.0807
0,644,car,980.0807
0,645,car,233.9991
0,646,car,1293.6186
0,646,ped,156.6763
0,647,car,251.0882
0,647,ped,140.1905
0,648,car,1413.7255
0,648,ped,90.7716
0,649,car,112.425
0,649,ped,24.3956
0,650,car,1501.0721
0,650,ped,63.9809
0,651,car,220.513
0,651,ped,301.3181
0,652,car,34.5776
0,652,ped,401.1535
0,653,car,85.1454
0,653,ped,57.0162
0,654,car,235.3548
0,655,car,203.9242
0,656,car,93.9203
0,656,ped,90.5211
0,657,car,304.6038
0,657,ped,43.3051
0,658,car,107.7975
0,659,car,255.0132
0,659,ped,7.203
0,660,car,251.0908
0,661,car,61.1035
0,661,ped,73.9132
0,662,car,239.0984
0,662,ped,250.9526
0,663,car,189.9456
0,664,ped,284.9762
0,665,car,187.2052
0,665,ped,148.7525
0,666,car,118.7405
0,666,ped,67.5066
0,668,car,252.279
0,668,ped,33.4513
0,669,car,331.4772
0,670,car,460.0496
0,670,ped,77.8261
0,671,ped,74.8067
0,672,car,95.419
0,673,ped,95.4742
0,676,car,126.3702
0,676,ped,353.7447
0,677,car,164.7344
0,677,ped,27.2362
0,678,car,184.3685
0,678,ped,55.7333
0,679,car,6.2403
0,679,ped,48.0117
0,680,ped,50.4118
0,682,car,153.6626
0,682,ped,13.955
0,683,car,292.472
0,683,ped,93.8178
1,1,car,14.8478
1,1,ped,12.3084
1,2,car,221.4952
1,3,car,117.8868
1,4,ped,15.3044
1,5,car,230.5344
1,6,car,44.203
1,6,ped,48.2881
1,7,car,384.7271
1,8,ped,18.8469
1,8,transit,10.481
1,9,car,505.4499
1,9,transit,12.6156
1,10,car,523.622
1,10,transit,73.1835
1,11,car,189.2684
1,11,ped,24.1814
1,11,transit,40.565
1,12,car,111.1334
1,13,car,189.2684
1,13,transit,35.4882
1,15,car,281.3073
1,15,ped,41.957
1,15,transit,26.6836
1,16,car,126.4123
1,17,car,341.2637
1,17,ped,76.1735
1,19,car,440.6802
1,19,ped,143.2168
1,21,car,573.8569
1,21,ped,179.8032
1,22,car,752.5595
1,22,ped,428.9472
1,23,car,97.7161
1,23,ped,197.0938
1,24,ped,125.7118
1,25,car,82.0755
1,25,ped,35.0964
1,27,car,87.9292
1,28,ped,9.3408
1,29,car,10.9867
1,29,ped,15.0869
1,30,ped,15.7951
1,31,car,126.9706
1,31,ped,10.9305
1,32,car,41.1971
1,32,ped,15.845
1,34,car,333.2342
1,34,ped,61.1298
1,35,car,255.1956
1,36,ped,47.0776
1,37,car,21.0595
1,38,car,55.001
1,38,ped,95.5558
1,39,car,229.5232
1,40,car,247.1059
1,40,ped,75.3968
1,41,ped,26.3459
1,42,car,292.6314
1,42,ped,61.8907
1,43,car,89.7285
1,44,car,290.7419
1,45,ped,75.7918
1,45,transit,14.0102
1,46,car,398.0036
1,47,car,482.5522
1,47,ped,73.6785
1,47,transit,145.7323
1,48,car,405.6499
1,48,transit,109.5226
1,49,car,430.1295
1,49,ped,91.7537
1,49,transit,83.2499
1,50,car,162.3599
1,50,ped,87.8421
1,50,transit,25.1048
1,51,car,68.1263
1,51,ped,26.5182
1,51,transit,10.6073
1,52,car,212.3014
1,53,car,68.1263
1,54,car,31.093
1,54,transit,34.7072
1,55,ped,46.9222
1,55,transit,13.9853
1,56,car,90.9047
1,57,car,1648.024
1,57,ped,459.6901
1,58,car,1694.5667
1,60,car,1589.4221
1,62,car,1416.0959
1,63,ped,32.8256
1,64,car,1214.3055
1,65,car,250.5559
1,65,ped,72.426
1,66,car,921.6648
1,66,ped,70.7644
1,67,car,720.9631
1,68,car,91.9284
1,68,ped,191.1422
1,69,car,464.5377
1,69,ped,140.3344
1,70,car,93.969
1,70,ped,43.5248
1,71,car,58.6021
1,71,ped,76.6119
1,73,car,344.7154
1,73,transit,27.0048
1,74,car,420.1507
1,74,ped,29.8253
1,74,transit,30.6856
1,75,car,240.7856
1,76,car,91.2899
1,76,transit,18.5279
1,77,car,339.4346
1,77,ped,44.6881
1,78,car,105.2463
1,78,ped,44.5398
1,78,transit,114.0637
1,79,car,423.1452
1,79,transit,114.123
1,80,car,407.6274
1,80,ped,94.2256
1,80,transit,111.7109
1,81,car,730.6467
1,81,ped,73.9818
1,81,transit,17.6249
1,82,car,251.1923
1,83,car,428.1913
1,84,car,602.8732
1,84,ped,25.0802
1,84,transit,89.6523
1,85,car,914.2118
1,85,transit,0.0888
1,86,car,1480.2958
1,86,transit,54.6807
1,87,car,57.7912
1,87,ped,42.9377
1,87,transit,11.4393
1,88,car,1736.5205
1,88,transit,51.9585
1,89,car,1791.9334
1,89,ped,62.8914
1,90,car,1791.8046
1,91,car,1172.4797
1,91,ped,498.1636
1,92,car,270.7994
1,92,ped,31.7348
1,93,car,82.5105
1,94,car,270.7994
1,95,car,83.9524
1,95,ped,69.7509
1,96,car,176.3027
1,97,car,175.5095
1,97,ped,4.3245
1,98,car,57.1075
1,98,ped,52.3063
1,99,car,250.5559
1,99,ped,42.0841
1,100,car,176.2325
1,100,ped,34.9411
1,101,car,143.8486
1,101,ped,47.3964
1,102,car,158.2356
1,102,ped,258.9641
1,103,car,140.7863
1,104,car,121.1499
1,105,ped,89.2068
1,106,car,164.3446
1,107,car,89.5937
1,107,transit,11.5001
1,108,car,487.6215
1,109,car,89.5937
1,109,ped,22.5802
1,109,transit,48.5826
1,110,car,168.4359
1,110,ped,39.8893
1,110,transit,46.1103
1,111,car,271.3813
1,111,transit,113.0782
1,113,car,380.9188
1,114,car,515.428
1,114,ped,92.6127
1,115,car,599.0089
1,115,ped,80.6425
1,115,transit,6.0603
1,116,car,871.7427
1,117,car,122.8696
1,117,ped,11.3605
1,118,car,958.246
1,118,ped,0.2221
1,119,car,1776.89
1,120,car,244.856
1,121,car,228.2918
1,121,ped,71.5359
1,122,car,296.1209
1,122,ped,93.7633
1,123,car,466.6216
1,124,ped,549.1034
1,125,car,529.7486
1,125,ped,524.8238
1,126,car,668.2962
1,127,car,511.0065
1,128,car,569.7448
1,128,ped,15.4265
1,129,car,880.8765
1,131,car,877.9734
1,132,car,85.3019
1,133,car,776.5221
1,134,car,779.6637
1,135,car,220.1909
1,137,car,114.6502
1,138,car,105.1295
1,138,ped,305.2092
1,139,car,171.7183
1,139,ped,606.563
1,140,car,113.706
1,140,ped,247.2916
1,142,ped,25.628
1,143,car,159.035
1,144,car,640.7949
1,144,ped,65.1412
1,145,car,13.5932
1,145,ped,53.7345
1,146,car,185.2671
1,146,transit,40.5722
1,147,car,5.8616
1,149,car,602.0716
1,150,car,18.2902
1,150,ped,85.1074
1,151,car,1144.0196
1,151,ped,86.2691
1,152,car,1093.3193
1,152,ped,158.9111
1,153,car,94.4633
1,153,ped,125.6435
1,154,car,1047.8669
1,154,ped,3.4803
1,155,car,837.419
1,156,car,702.3017
1,157,car,129.7021
1,158,car,627.2911
1,159,car,331.4858
1,159,ped,111.4057
1,160,car,61.895
1,160,ped,698.9846
1,161,car,201.7838
1,162,car,711.1404
1,163,car,200.1949
1,164,car,403.7561
1,164,ped,23.6326
1,165,car,170.3435
1,166,car,204.7059
1,167,car,192.5204
1,167,ped,31.3454
1,168,car,91.6069
1,169,car,776.0641
1,169,ped,55.7347
1,170,car,165.0345
1,170,ped,111.4026
1,171,car,18.0326
1,171,ped,118.3383
1,172,car,165.0345
1,173,car,149.8595
1,173,ped,37.2128
1,174,car,67.4928
1,175,car,203.4809
1,175,ped,656.0734
1,176,car,91.2397
1,177,car,251.3481
1,178,car,8.028
1,178,ped,30.6726
1,179,car,816.2011
1,180,car,198.3491
1,180,ped,31.0053
1,180,transit,26.6836
1,181,car,112.1714
1,182,car,1651.5074
1,183,car,949.1449
1,183,ped,58.1098
1,184,car,197.7529
1,185,car,50.4617
1,186,car,418.166
1,187,car,331.0129
1,187,ped,76.5985
1,188,car,356.3727
1,188,ped,22.3853
1,189,car,221.3963
1,190,car,1165.8346
1,191,car,927.4935
1,191,ped,24.5416
1,192,ped,758.572
1,193,car,709.5516
1,194,ped,759.1831
1,195,car,461.5273
1,195,ped,805.0354
1,196,car,71.3204
1,197,ped,29.6926
1,198,car,444.9765
1,199,car,316.8836
1,200,car,134.8883
1,200,ped,14.6428
1,201,car,882.3494
1,202,car,438.121
1,202,ped,969.3465
1,203,car,424.2754
1,203,ped,897.5001
1,204,car,161.2196
1,204,ped,902.4235
1,205,car,291.886
1,205,ped,371.2841
1,206,car,123.469
1,206,ped,12.3959
1,209,car,316.3831
1,210,car,154.5401
1,211,car,1025.0785
1,211,ped,41.4921
1,212,car,473.651
1,212,ped,93.5084
1,213,car,1566.2116
1,213,ped,71.5027
1,214,car,1377.2566
1,215,car,255.873
1,215,ped,36.0555
1,216,car,1489.3787
1,217,car,528.9532
1,218,car,341.9929
1,218,ped,26.6042
1,219,ped,61.5335
1,220,car,155.2086
1,221,car,274.014
1,222,car,283.3347
1,222,ped,7.0347
1,223,ped,76.9143
1,224,car,222.7306
1,225,car,1217.8268
1,225,ped,17.5241
1,226,car,53.0941
1,226,ped,20.4208
1,227,car,1168.6665
1,228,car,503.7948
1,228,ped,20.1433
1,229,car,88.3911
1,229,ped,860.479
1,230,car,209.8267
1,231,car,208.1769
1,232,car,400.0473
1,234,car,96.8171
1,236,car,574.8378
1,236,ped,1058.142
1,237,car,331.9067
1,238,car,275.2532
1,238,ped,57.188
1,239,car,77.155
1,239,ped,41.6019
1,240,car,38.4854
1,240,ped,195.3781
1,241,ped,157.6821
1,242,car,115.0806
1,242,ped,64.4483
1,243,car,414.9278
1,244,car,567.637
1,245,car,238.1769
1,246,car,367.4448
1,246,ped,15.7293
1,247,car,212.9253
1,247,ped,5.1948
1,248,car,2060.067
1,249,car,3423.459
1,250,car,1101.3259
1,251,car,233.8348
1,251,ped,135.2326
1,252,car,526.7753
1,252,ped,161.8139
1,253,car,475.0263
1,253,ped,243.2508
1,254,car,504.9404
1,254,ped,476.9746
1,255,car,667.3453
1,255,ped,202.3703
1,256,car,72.4911
1,257,car,463.2787
1,258,car,267.4348
1,259,car,1444.7247
1,260,car,1529.0378
1,260,ped,42.5416
1,261,car,850.9345
1,262,car,576.6045
1,263,car,304.4276
1,264,car,59.3847
1,264,ped,876.5582
1,265,car,291.628
1,266,car,29.0064
1,266,ped,8.7847
1,267,car,528.9884
1,269,car,130.3509
1,269,ped,1131.0349
1,270,ped,1118.1373
1,271,car,1032.5328
1,272,car,377.7011
1,273,ped,37.5738
1,274,ped,34.8584
1,275,car,94.6881
1,277,car,18.4793
1,277,ped,51.682
1,278,car,316.7433
1,279,car,246.2339
1,279,ped,24.9789
1,280,car,226.4652
1,281,car,139.3727
1,281,ped,82.0858
1,282,car,451.1262
1,283,car,226.4317
1,285,car,3292.808
1,286,car,75.3021
1,286,ped,35.5379
1,287,car,243.9401
1,287,ped,68.1025
1,288,car,177.6868
1,290,car,397.448
1,290,ped,490.624
1,291,car,177.8325
1,292,ped,32.8221
1,293,car,196.9892
1,293,ped,32.5782
1,294,ped,92.4947
1,295,car,1451.5928
1,296,car,212.2558
1,296,ped,135.6412
1,297,car,576.6045
1,297,ped,97.5555
1,298,car,102.7253
1,298,ped,249.7011
1,299,car,615.5562
1,299,ped,6.7605
1,300,car,634.6322
1,300,ped,1067.4214
1,301,car,29.0064
1,302,car,636.5359
1,302,ped,1085.781
1,303,car,85.3019
1,303,ped,1933.8844
1,304,car,416.5651
1,304,ped,1320.0766
1,305,car,210.2962
1,306,car,328.8956
1,306,ped,276.348
1,307,car,1169.352
1,307,ped,254.8802
1,308,car,197.8871
1,309,car,168.1024
1,310,car,77.155
1,311,car,21.6506
1,311,ped,50.4623
1,312,car,259.3039
1,312,ped,22.6296
1,313,car,255.9951
1,314,car,585.9297
1,315,car,47.9947
1,315,ped,85.7089
1,316,car,95.4261
1,317,car,3241.7902
1,317,ped,20.9243
1,318,car,218.4924
1,319,car,9.0487
1,320,car,28.2244
1,321,car,382.6381
1,321,ped,27.7147
1,322,car,476.4858
1,322,ped,134.7857
1,324,car,336.0726
1,324,ped,680.9345
1,325,car,629.6506
1,325,ped,713.5853
1,326,car,974.2929
1,327,car,882.8939
1,328,car,1338.9325
1,328,ped,42.7365
1,329,car,303.4343
1,329,ped,65.532
1,330,car,1148.7807
1,331,car,792.3493
1,332,car,59.3847
1,333,car,135.47
1,334,car,145.7657
1,334,ped,1982.289
1,335,car,169.5791
1,335,ped,1950.0579
1,336,car,211.192
1,337,car,179.5566
1,338,car,3.0388
1,339,car,52.2445
1,339,ped,71.3183
1,340,car,1124.26
1,341,car,45.092
1,341,ped,163.4679
1,342,ped,100.7248
1,343,car,35.0712
1,343,ped,45.0754
1,344,car,77.5407
1,345,car,133.1916
1,346,car,262.0546
1,347,car,175.1132
1,347,ped,17.2026
1,348,car,387.6633
1,349,car,792.1039
1,349,ped,83.9516
1,351,car,198.027
1,351,ped,102.0723
1,353,car,3616.0407
1,353,ped,100.798
1,354,car,230.9264
1,355,car,9.0487
1,355,ped,2.7897
1,356,car,238.1797
1,357,car,86.9067
1,358,car,38.7344
1,358,ped,721.8978
1,359,car,45.8704
1,359,ped,684.4607
1,360,car,811.64
1,361,car,228.2635
1,361,ped,29.2798
1,363,car,402.5875
1,364,car,340.3608
1,365,car,1379.6579
1,365,ped,20.1786
1,366,car,1813.3933
1,367,car,110.5825
1,368,car,75.2827
1,368,ped,2045.1368
1,369,car,76.1274
1,369,ped,2014.9637
1,370,car,501.4273
1,370,ped,30.9723
1,371,car,579.9964
1,372,car,211.192
1,372,ped,98.9366
1,373,car,495.989
1,373,ped,72.6276
1,374,car,3.0388
1,375,car,424.9393
1,376,car,1012.4263
1,377,car,213.2495
1,377,ped,38.4062
1,379,car,30.1748
1,380,car,77.155
1,381,ped,17.9078
1,382,car,149.5771
1,383,car,48.3611
1,383,ped,51.3752
1,384,car,84.774
1,385,car,471.0869
1,385,ped,398.5058
1,386,car,529.577
1,386,ped,419.837
1,387,car,1379.6742
1,387,ped,555.8869
1,388,car,446.8111
1,388,ped,176.6925
1,389,car,1524.0669
1,389,ped,889.5018
1,390,car,2838.9515
1,391,car,2163.2466
1,391,ped,976.4032
1,392,car,324.004
1,392,ped,376.2176
1,393,car,2237.0084
1,393,ped,1348.5269
1,394,car,2242.3053
1,394,ped,1323.3937
1,395,car,2223.0536
1,395,ped,1713.9165
1,396,car,678.0837
1,396,ped,1677.6002
1,397,car,1145.0321
1,398,car,488.9529
1,398,ped,6.7889
1,399,car,638.4279
1,399,ped,3.8542
1,400,car,340.3608
1,400,ped,1283.7536
1,401,car,609.3199
1,401,ped,1298.8031
1,402,car,652.9967
1,402,ped,828.8771
1,403,car,1915.0695
1,403,ped,2059.8535
1,404,car,1067.8513
1,405,car,852.4413
1,407,car,315.099
1,408,car,256.416
1,408,ped,161.3379
1,409,car,223.4846
1,410,car,690.2075
1,410,ped,38.9996
1,411,car,761.1806
1,412,car,377.0444
1,412,ped,70.2819
1,413,car,367.1848
1,415,car,221.8362
1,415,ped,31.6237
1,416,car,314.7213
1,416,ped,62.7249
1,417,car,217.8325
1,417,ped,57.8907
1,419,car,47.9947
1,419,ped,78.2749
1,420,car,186.372
1,420,ped,154.6799
1,421,car,121.0005
1,421,ped,177.1954
1,422,car,176.1951
1,423,car,299.6173
1,423,ped,71.8261
1,423,transit,40.5675
1,424,car,230.1077
1,424,transit,30.1219
1,425,car,112.7247
1,425,ped,119.6278
1,425,transit,14.3139
1,426,car,2940.858
1,426,ped,264.8627
1,427,ped,305.0553
1,428,car,137.7244
1,429,car,9.0487
1,429,ped,71.0654
1,430,car,86.2533
1,431,car,82.4688
1,432,car,59.1743
1,432,ped,35.4038
1,433,car,96.6808
1,434,car,565.5048
1,434,ped,1671.4855
1,435,car,270.3219
1,435,ped,1641.0824
1,436,car,869.8891
1,436,ped,1673.494
1,437,car,49.2447
1,437,ped,744.6946
1,438,car,842.8177
1,439,car,1293.2778
1,440,car,1185.7663
1,440,ped,792.0066
1,442,car,2295.4056
1,442,ped,812.0028
1,443,car,1371.6126
1,443,ped,785.8954
1,444,car,1060.4366
1,445,car,120.345
1,445,ped,210.8501
1,446,car,882.0373
1,446,ped,64.665
1,447,car,399.5514
1,448,car,524.6512
1,449,car,166.6811
1,450,car,639.1363
1,450,ped,71.2034
1,451,car,268.3428
1,451,ped,118.5737
1,452,car,277.7613
1,454,car,127.1787
1,455,car,80.6226
1,455,ped,22.411
1,456,ped,11.521
1,457,car,157.2561
1,458,car,121.0005
1,458,ped,144.6391
1,459,car,272.8926
1,460,car,773.4902
1,460,transit,52.5979
1,461,car,1072.2195
1,461,ped,129.2573
1,462,car,330.7239
1,462,ped,5.2822
1,463,car,1368.6633
1,463,ped,22.7593
1,464,car,317.4792
1,465,car,1680.1595
1,465,ped,131.3477
1,466,car,1505.1919
1,466,ped,60.7811
1,467,car,139.32
1,468,car,265.2139
1,469,car,424.0703
1,469,ped,962.505
1,470,car,453.3583
1,470,ped,1043.4515
1,471,car,485.978
1,471,ped,11.8433
1,472,car,227.9089
1,472,ped,1888.2552
1,473,ped,365.9592
1,474,car,1219.7788
1,475,car,1189.3896
1,475,ped,764.5848
1,476,ped,253.6672
1,477,car,207.4765
1,477,ped,580.974
1,478,car,81.0468
1,479,car,52.0002
1,479,ped,552.3473
1,480,car,263.3588
1,480,ped,560.1305
1,481,car,1099.5486
1,481,ped,1278.046
1,482,car,1462.9575
1,483,car,499.1859
1,483,ped,1035.0682
1,484,car,3.0388
1,484,ped,989.7064
1,485,car,91.392
1,485,ped,41.0228
1,486,car,166.6811
1,488,car,230.2908
1,488,ped,137.9129
1,489,car,173.605
1,489,ped,193.0021
1,490,car,21.6454
1,490,ped,28.9806
1,491,car,44.6129
1,492,car,174.1273
1,493,car,121.0005
1,494,car,287.1583
1,495,car,661.3735
1,495,transit,57.1506
1,497,car,211.0935
1,497,transit,21.1689
1,498,transit,9.5974
1,499,car,391.8777
1,499,ped,44.3561
1,500,car,11.5301
1,500,transit,7.4821
1,501,car,1468.0885
1,502,car,154.9269
1,502,ped,869.3647
1,503,car,87.2342
1,503,ped,844.5304
1,504,car,346.8187
1,504,ped,84.3927
1,505,car,73.4894
1,507,car,528.6747
1,508,car,476.6745
1,508,ped,23.6162
1,509,car,139.8865
1,509,ped,362.4724
1,510,car,1093.0269
1,510,ped,357.4206
1,511,car,124.4291
1,511,ped,270.7498
1,512,car,69.4992
1,513,car,81.0468
1,514,ped,39.6281
1,515,car,229.7521
1,515,ped,503.5812
1,516,car,1231.9242
1,516,ped,33.09
1,517,car,195.1023
1,517,ped,82.2475
1,519,car,182.941
1,519,ped,873.6274
1,520,car,146.7244
1,521,car,186.4598
1,521,ped,867.3052
1,522,car,118.1161
1,522,ped,837.7901
1,523,car,187.9232
1,524,car,173.605
1,525,car,100.9101
1,525,ped,224.9103
1,526,ped,265.8338
1,527,car,158.7349
1,527,ped,37.7121
1,528,car,337.3494
1,529,car,267.3845
1,529,transit,13.132
1,530,car,708.3815
1,530,transit,34.6662
1,531,car,285.9803
1,531,transit,35.6505
1,532,car,385.588
1,532,ped,24.2943
1,532,transit,37.4132
1,533,car,97.4188
1,534,car,419.4765
1,534,ped,33.7454
1,534,transit,8.1127
1,535,car,663.7172
1,535,ped,262.9232
1,536,car,101.2105
1,536,ped,413.9536
1,536,transit,1.3122
1,537,car,1310.0604
1,538,car,1185.4317
1,538,ped,446.3052
1,539,car,679.1803
1,539,ped,465.2694
1,540,car,1168.3186
1,541,car,855.1717
1,541,ped,27.6714
1,543,car,783.226
1,544,car,860.2255
1,545,car,1573.8325
1,546,car,24.286
1,546,ped,365.4541
1,547,car,525.9786
1,548,ped,244.2652
1,549,car,349.1273
1,550,car,778.7865
1,550,ped,301.0656
1,551,car,1016.0155
1,551,ped,325.6847
1,552,car,292.059
1,552,ped,155.3223
1,553,car,738.0224
1,554,car,25.3598
1,555,car,894.9238
1,556,car,18.8372
1,556,ped,37.3687
1,557,car,778.928
1,558,car,543.0068
1,559,car,248.9326
1,560,car,64.5695
1,561,car,182.8698
1,561,ped,742.3224
1,562,car,173.605
1,562,ped,497.4126
1,563,car,73.187
1,563,ped,293.9826
1,565,car,144.8047
1,565,ped,130.8091
1,566,ped,163.1634
1,567,car,89.5951
1,567,ped,207.2313
1,569,car,137.3423
1,570,ped,54.187
1,570,transit,12.5166
1,571,car,190.4999
1,571,ped,92.8899
1,572,car,250.2883
1,572,ped,143.3062
1,573,car,607.8509
1,574,car,1216.8682
1,574,ped,304.6438
1,575,ped,354.1916
1,576,car,276.1431
1,577,car,131.5584
1,577,ped,78.9563
1,578,car,76.2564
1,579,car,175.5121
1,579,ped,62.187
1,580,car,92.6419
1,581,car,630.9008
1,581,ped,52.9713
1,582,car,243.0958
1,583,car,693.8932
1,583,ped,478.6521
1,584,car,774.6357
1,584,ped,716.6678
1,586,car,741.1145
1,586,ped,459.5099
1,587,car,39.7915
1,587,ped,122.1504
1,588,car,106.9353
1,588,ped,191.3274
1,589,car,223.2947
1,589,ped,207.0696
1,590,car,106.9353
1,590,ped,84.0847
1,591,car,44.463
1,591,ped,60.0569
1,592,car,18.8372
1,593,car,12.2301
1,594,car,161.9178
1,594,ped,34.26
1,595,car,437.932
1,597,car,393.3191
1,597,ped,7.6756
1,598,car,472.4136
1,598,ped,458.6291
1,599,car,175.7543
1,600,car,61.4735
1,600,ped,90.4088
1,602,ped,172.7717
1,603,car,7.7241
1,605,car,69.0137
1,605,ped,93.4981
1,606,car,44.1001
1,607,car,82.7263
1,607,ped,119.8026
1,608,car,158.2464
1,609,car,51.4694
1,609,ped,42.0156
1,610,car,1152.6468
1,610,ped,200.0312
1,611,car,542.8544
1,611,ped,155.1791
1,612,car,869.9821
1,612,ped,68.3643
1,613,car,881.6163
1,613,ped,31.4298
1,615,car,1111.2318
1,615,ped,87.9578
1,616,car,1169.6965
1,616,ped,110.3242
1,617,car,1604.6822
1,618,car,364.2156
1,618,ped,454.2186
1,619,car,783.7369
1,619,ped,5.1605
1,620,car,13.4172
1,621,car,783.7369
1,622,car,652.6946
1,622,ped,33.0303
1,623,car,84.3499
1,624,car,146.9311
1,624,ped,159.8647
1,625,car,146.7154
1,627,car,84.3499
1,628,car,14.1332
1,629,car,71.0095
1,629,ped,124.422
1,630,car,14.1332
1,630,ped,35.0187
1,631,car,99.0961
1,632,car,269.2926
1,632,ped,386.1762
1,633,car,105.9281
1,633,ped,55.8817
1,634,car,50.9583
1,635,car,79.4266
1,637,car,154.1448
1,637,ped,192.9467
1,638,ped,151.3343
1,639,car,259.7682
1,640,car,490.508
1,640,ped,75.2102
1,641,car,934.7556
1,642,car,68.673
1,643,car,884.9919
1,644,car,884.9919
1,645,car,168.6486
1,646,car,1049.8333
1,646,ped,175.0972
1,647,car,84.299
1,647,ped,57.7864
1,648,car,1143.7234
1,648,ped,119.5188
1,649,car,64.4638
1,649,ped,10.139
1,650,car,1233.1211
1,650,ped,132.6866
1,651,car,138.1803
1,651,ped,262.9489
1,652,car,53.1061
1,652,ped,321.0809
1,653,car,155.163
1,653,ped,52.5871
1,654,car,232.3475
1,655,car,327.0608
1,656,ped,89.3644
1,657,car,380.6387
1,657,ped,24.288
1,658,car,41.0837
1,659,car,280.353
1,659,ped,1.518
1,660,car,276.4061
1,661,car,61.8729
1,661,ped,38.7856
1,662,car,324.2128
1,662,ped,178.0807
1,663,car,154.2677
1,664,car,38.67
1,664,ped,197.1859
1,665,car,27.0191
1,665,ped,95.6421
1,666,car,148.9018
1,666,ped,59.4441
1,668,car,138.0061
1,668,ped,34.7735
1,669,car,307.5682
1,670,car,378.9413
1,670,ped,173.7217
1,671,ped,73.1111
1,672,car,44.2677
1,673,car,5.5333
1,673,ped,25.5616
1,674,car,5.5333
1,676,car,66.0376
1,676,ped,308.1473
1,677,car,70.9862
1,677,ped,27.3024
1,678,car,86.5113
1,678,ped,56.0908
1,679,car,8.2416
1,679,ped,12.6316
1,680,ped,14.9884
1,682,car,72.5432
1,682,ped,26.7479
1,683,car,10.0773
1,683,ped,47.7428
2,1,ped,12.7662
2,3,car,244.4176
2,4,car,43.8161
2,4,ped,15.0509
2,5,car,283.5498
2,6,ped,16.8463
2,7,car,316.2679
2,8,car,47.671
2,8,ped,51.5234
2,8,transit,7.7272
2,9,car,494.4382
2,10,car,671.4689
2,10,transit,31.2973
2,11,car,310.3527
2,11,ped,24.4454
2,11,transit,20.871
2,12,transit,5.202
2,13,car,280.6426
2,13,transit,9.1431
2,14,car,87.709
2,15,car,441.2431
2,15,ped,87.247
2,16,car,122.8311
2,16,transit,23.3137
2,17,car,230.703
2,17,ped,120.9812
2,18,car,70.7177
2,19,car,230.703
2,19,ped,169.108
2,20,car,43.938
2,21,car,133.539
2,21,ped,234.3671
2,22,car,110.7106
2,22,ped,426.1927
2,23,car,94.4068
2,23,ped,164.2954
2,24,car,42.4013
2,24,ped,131.3755
2,25,car,82.1773
2,25,ped,99.9211
2,26,car,42.4013
2,27,car,39.6216
2,28,car,66.8057
2,28,ped,23.4938
2,29,car,10.9135
2,29,ped,32.3466
2,30,car,66.8057
2,31,car,24.4043
2,31,ped,16.3082
2,32,car,39.7529
2,32,ped,42.3876
2,34,car,64.6189
2,34,ped,17.8146
2,35,car,6.4858
2,36,ped,8.8558
2,37,car,65.6015
2,38,car,172.3619
2,38,ped,39.6743
2,39,car,43.8161
2,40,car,352.0724
2,40,ped,95.867
2,41,car,41.3545
2,41,ped,105.0205
2,42,car,535.0233
2,42,ped,50.4457
2,44,car,648.3628
2,45,car,47.671
2,45,ped,91.1241
2,45,transit,15.0246
2,46,car,785.6251
2,46,transit,15.0735
2,47,car,1145.3961
2,47,ped,23.3693
2,47,transit,122.5106
2,48,car,478.0125
2,48,transit,106.0914
2,49,car,496.0492
2,49,ped,102.8536
2,49,transit,58.448
2,50,car,188.3506
2,50,ped,65.2812
2,50,transit,48.6621
2,51,ped,26.5728
2,51,transit,23.489
2,52,car,191.9205
2,52,transit,23.3137
2,54,car,101.9996
2,54,transit,29.8542
2,55,ped,47.6338
2,55,transit,25.0416
2,56,car,136.5039
2,57,car,918.4099
2,57,ped,472.311
2,58,car,897.7219
2,60,car,807.9192
2,62,car,549.8494
2,63,ped,15.1646
2,64,car,532.2882
2,65,car,151.4888
2,65,ped,102.462
2,66,car,534.8213
2,66,ped,45.4542
2,67,car,483.446
2,68,car,314.8494
2,68,ped,174.4499
2,69,car,296.0823
2,69,ped,33.3003
2,70,ped,5.111
2,71,car,167.9176
2,71,ped,56.4065
2,73,car,350.9907
2,73,transit,51.885
2,74,car,544.7405
2,74,ped,23.5316
2,74,transit,57.4994
2,75,car,9.8126
2,76,car,88.1682
2,76,transit,14.9293
2,77,car,74.4105
2,77,ped,73.7069
2,78,car,77.6038
2,78,ped,45.7376
2,78,transit,115.7083
2,79,car,298.874
2,79,transit,102.0727
2,80,car,289.6442
2,80,ped,57.9031
2,80,transit,95.5777
2,81,car,1250.5863
2,81,ped,110.517
2,81,transit,29.0119
2,82,car,146.0314
2,83,car,111.5549
2,84,car,630.4599
2,84,ped,24.55
2,84,transit,61.1236
2,85,car,684.421
2,85,transit,0.0895
2,86,car,1262.3265
2,86,transit,65.6522
2,87,car,141.9809
2,87,ped,32.473
2,87,transit,11.3644
2,88,car,1245.1137
2,88,transit,40.8639
2,89,car,1214.6771
2,89,ped,64.7773
2,90,car,1360.163
2,91,car,1080.9051
2,91,ped,524.8971
2,92,car,84.0434
2,92,ped,46.0424
2,93,car,150.3269
2,94,car,92.6833
2,95,ped,69.511
2,97,car,164.3715
2,97,ped,51.6902
2,98,ped,88.3545
2,99,car,260.4809
2,99,ped,35.6117
2,100,car,159.9032
2,100,ped,8.943
2,101,car,126.859
2,101,ped,16.5702
2,102,car,375.456
2,102,ped,215.145
2,103,car,34.5694
2,104,car,21.2807
2,105,car,186.4551
2,105,ped,84.1943
2,106,car,71.0197
2,107,car,58.5025
2,107,transit,20.0692
2,108,car,514.3495
2,109,car,153.9024
2,109,ped,45.4484
2,109,transit,80.4235
2,110,car,304.9381
2,110,ped,32.1465
2,110,transit,33.7108
2,111,car,298.9454
2,111,transit,118.4331
2,112,car,6.0268
2,113,car,245.08
2,114,car,280.1957
2,114,ped,66.5903
2,115,car,573.4287
2,115,ped,81.6951
2,115,transit,16.6711
2,116,car,1352.3616
2,117,car,282.2814
2,117,ped,5.3593
2,118,car,1187.3493
2,119,car,1801.5406
2,119,ped,24.0147
2,120,car,217.385
2,121,car,266.8479
2,121,ped,35.0561
2,122,car,332.2784
2,122,ped,58.1954
2,123,car,257.1464
2,124,ped,525.0061
2,125,car,190.865
2,125,ped,499.5132
2,126,car,603.1904
2,127,car,620.8212
2,128,car,691.8836
2,128,ped,15.7881
2,129,car,1187.5709
2,131,car,1265.5776
2,133,car,1045.5464
2,134,car,889.8143
2,135,car,290.8484
2,136,car,35.1812
2,137,car,110.6135
2,138,car,140.8866
2,138,ped,266.3248
2,139,car,377.0733
2,139,ped,484.199
2,140,car,298.0646
2,140,ped,147.6181
2,142,ped,25.9813
2,143,car,212.2648
2,144,car,852.5305
2,144,ped,63.4447
2,145,car,63.1559
2,145,ped,45.8315
2,146,car,393.5726
2,146,transit,28.2368
2,147,car,25.8514
2,148,car,25.8514
2,149,car,300.0301
2,149,ped,3.3278
2,150,car,95.0916
2,150,ped,70.8911
2,151,car,772.3637
2,151,ped,35.4754
2,152,car,834.698
2,152,ped,74.6732
2,153,car,180.6382
2,153,ped,32.8275
2,154,car,755.5887
2,154,ped,36.9534
2,155,car,1380.5674
2,156,car,1228.1414
2,157,car,195.8018
2,158,car,546.687
2,159,car,363.7588
2,159,ped,115.741
2,160,car,60.7054
2,160,ped,666.003
2,161,car,237.388
2,162,car,684.1049
2,163,car,198.3646
2,164,car,768.022
2,164,ped,23.973
2,165,car,377.9552
2,166,car,203.4023
2,167,car,141.187
2,167,ped,30.1122
2,168,car,56.3142
2,169,car,696.6171
2,169,ped,67.9416
2,170,car,242.6755
2,170,ped,103.8899
2,171,car,32.2082
2,171,ped,110.8223
2,172,car,167.4501
2,173,car,256.1154
2,173,ped,41.9553
2,174,car,121.8791
2,175,car,377.0733
2,175,ped,532.7585
2,176,car,158.0037
2,177,car,39.6399
2,178,ped,42.7392
2,179,car,741.6359
2,180,car,432.7001
2,180,ped,67.8662
2,180,transit,23.6886
2,181,car,78.3169
2,182,car,1024.8458
2,183,car,782.6789
2,183,ped,43.1844
2,184,car,45.03
2,185,car,144.996
2,186,car,358.5761
2,187,car,383.1078
2,187,ped,16.6651
2,188,car,374.6981
2,188,ped,7.3051
2,189,car,125.6951
2,190,car,1436.7764
2,191,car,1279.0453
2,191,ped,4.2469
2,192,ped,689.3513
2,193,car,682.5644
2,194,ped,689.9437
2,195,car,692.4957
2,195,ped,767.4432
2,196,car,72.3905
2,197,ped,31.7789
2,198,car,291.1364
2,199,car,427.9898
2,200,car,91.0921
2,200,ped,22.9178
2,201,car,1011.4948
2,202,car,612.7146
2,202,ped,1018.9105
2,203,car,567.9152
2,203,ped,893.1271
2,204,car,418.8859
2,204,ped,814.2298
2,205,car,784.6193
2,205,ped,347.6258
2,206,car,190.9128
2,206,ped,12.6573
2,209,car,126.9393
2,210,car,161.3363
2,211,car,711.3133
2,211,ped,10.4906
2,212,car,425.4536
2,212,ped,108.4712
2,213,car,886.1876
2,213,ped,63.5081
2,214,car,932.4718
2,215,car,60.7054
2,215,ped,37.4427
2,216,car,1063.6358
2,217,car,322.9786
2,218,car,219.9603
2,218,ped,26.9907
2,219,car,50.4433
2,219,ped,53.4512
2,220,car,45.3586
2,220,ped,15.0616
2,221,car,196.3381
2,222,car,169.3425
2,222,ped,56.6998
2,223,car,61.4089
2,223,ped,74.9818
2,224,car,26.0324
2,225,car,1360.9964
2,225,ped,38.1675
2,226,car,55.4386
2,226,ped,37.237
2,227,car,1282.7722
2,228,car,740.2942
2,228,ped,28.6114
2,229,car,216.4618
2,229,ped,792.9725
2,230,car,219.5307
2,231,car,183.9176
2,232,car,224.5175
2,233,car,45.2295
2,234,car,214.1505
2,235,car,85.7708
2,236,car,612.7146
2,236,ped,1090.1823
2,237,car,589.1037
2,238,car,528.3784
2,238,ped,56.2566
2,239,car,151.48
2,239,ped,89.1719
2,240,car,215.6394
2,240,ped,183.4099
2,241,car,51.9468
2,241,ped,171.4808
2,242,car,105.2767
2,242,ped,64.2764
2,243,car,87.6425
2,244,car,150.2419
2,245,car,481.3933
2,246,car,292.6468
2,246,ped,99.068
2,247,car,163.7601
2,247,ped,5.2934
2,248,car,1349.3132
2,249,car,2468.9546
2,250,car,391.1555
2,251,car,243.8619
2,251,ped,90.05
2,252,car,179.8815
2,252,ped,114.9376
2,253,car,93.058
2,253,ped,187.7901
2,254,car,361.3692
2,254,ped,388.4537
2,255,car,21.9811
2,255,ped,107.0008
2,256,car,8.6522
2,257,car,105.2306
2,258,car,255.9342
2,259,car,1333.3116
2,260,car,1719.2937
2,260,ped,23.6847
2,261,car,911.6681
2,262,car,587.8837
2,263,car,160.6692
2,264,car,88.1657
2,264,ped,783.2087
2,265,car,241.5837
2,266,car,161.7572
2,266,ped,8.4543
2,267,car,174.4011
2,269,car,214.1505
2,269,ped,1146.3564
2,270,car,33.6999
2,270,ped,1152.7577
2,271,car,1332.2673
2,272,car,735.022
2,273,car,83.6048
2,273,ped,65.8146
2,274,ped,82.9693
2,275,car,135.3532
2,277,car,70.9043
2,277,ped,141.6885
2,278,car,63.6832
2,279,car,139.9192
2,279,ped,24.4935
2,280,car,192.8816
2,281,car,340.6993
2,281,ped,58.1133
2,282,car,624.4987
2,283,car,408.9283
2,284,car,231.4053
2,285,car,2499.4499
2,286,ped,34.2906
2,287,car,198.8319
2,287,ped,24.8817
2,288,car,334.95
2,290,car,311.7772
2,290,ped,413.1791
2,291,car,93.9202
2,292,car,54.2102
2,292,ped,39.2525
2,293,car,255.9342
2,293,ped,49.1306
2,294,car,123.5654
2,294,ped,173.9213
2,295,car,2132.8228
2,296,car,450.1138
2,296,ped,198.2004
2,297,car,587.8837
2,297,ped,134.5756
2,298,car,352.8438
2,298,ped,349.0414
2,299,car,490.5204
2,299,ped,23.544
2,300,car,744.9183
2,300,ped,1087.1915
2,301,car,80.9145
2,302,car,587.9272
2,302,ped,1104.8463
2,303,ped,2096.9751
2,304,car,405.4659
2,304,ped,1263.1781
2,305,car,145.3945
2,306,car,312.0257
2,306,ped,225.9267
2,307,car,1343.2647
2,307,ped,203.3795
2,308,car,120.2621
2,309,car,102.3794
2,310,car,135.3532
2,311,car,18.9575
2,311,ped,61.3135
2,312,car,204.6996
2,312,ped,22.6595
2,313,car,87.6425
2,314,car,524.7667
2,315,ped,116.9012
2,316,car,442.6226
2,317,car,2589.2602
2,317,ped,104.0998
2,318,car,564.1415
2,320,car,474.9858
2,321,car,648.2594
2,321,ped,54.365
2,322,car,915.8119
2,322,ped,130.707
2,324,car,1020.0898
2,324,ped,570.0235
2,325,car,817.0075
2,325,ped,591.9826
2,326,car,1862.6733
2,327,car,1689.8767
2,328,car,1288.8067
2,328,ped,27.1497
2,329,car,466.5524
2,329,ped,49.1973
2,330,car,993.3651
2,331,car,788.2757
2,332,car,98.4459
2,333,car,412.4505
2,334,car,365.084
2,334,ped,2117.7354
2,335,car,432.579
2,335,ped,2086.7983
2,336,car,111.4637
2,337,car,481.4161
2,338,car,55.9108
2,339,car,313.4391
2,339,ped,30.1897
2,340,car,1318.0925
2,341,car,363.887
2,341,ped,95.1958
2,342,car,66.3155
2,342,ped,77.1485
2,343,car,287.759
2,343,ped,13.1393
2,344,car,304.6227
2,345,car,59.3837
2,346,car,300.5612
2,347,car,107.5096
2,347,ped,42.9175
2,348,car,248.9816
2,349,car,743.0039
2,349,ped,97.2454
2,350,car,92.9196
2,351,car,57.3111
2,351,ped,138.9439
2,352,car,132.0798
2,353,car,2802.3917
2,353,ped,187.7092
2,354,car,395.2315
2,354,ped,2.8187
2,356,car,456.9031
2,357,car,341.1415
2,358,ped,668.4864
2,359,car,39.2815
2,359,ped,646.2483
2,360,car,978.8503
2,361,car,201.5097
2,361,ped,28.8616
2,363,car,276.5498
2,364,car,562.452
2,365,car,1215.3924
2,365,ped,20.0874
2,366,car,1608.7301
2,368,car,185.3092
2,368,ped,2120.3072
2,369,ped,2134.0252
2,370,car,778.7996
2,370,ped,47.4108
2,371,car,633.3405
2,372,car,111.4637
2,372,ped,38.6577
2,373,car,604.8489
2,373,ped,27.6994
2,374,car,55.9108
2,375,car,455.0236
2,376,car,1016.9041
2,377,car,58.7935
2,377,ped,51.6426
2,380,car,231.1039
2,381,car,67.7699
2,381,ped,17.8463
2,382,car,111.2807
2,383,ped,66.8984
2,384,car,187.8208
2,385,car,496.948
2,385,ped,315.2927
2,386,car,612.5297
2,386,ped,418.3001
2,387,car,845.1647
2,387,ped,543.4129
2,388,car,192.8783
2,388,ped,152.9067
2,389,car,937.1464
2,389,ped,829.0192
2,390,car,2294.5892
2,391,car,2314.9524
2,391,ped,985.6669
2,392,car,242.8325
2,392,ped,424.0921
2,393,car,2357.108
2,393,ped,1457.5396
2,394,car,2651.6168
2,394,ped,1475.3196
2,395,car,2711.366
2,395,ped,1978.6156
2,396,car,883.8966
2,396,ped,1956.3045
2,397,car,1517.2775
2,398,car,776.2981
2,398,ped,6.9569
2,399,car,722.8915
2,400,car,490.0615
2,400,ped,1517.4555
2,401,car,751.9293
2,401,ped,1528.6239
2,402,car,800.5623
2,402,ped,722.1849
2,403,car,2168.9172
2,403,ped,2107.9151
2,404,car,1140.6358
2,405,car,1105.1216
2,407,car,361.5032
2,408,car,111.4637
2,408,ped,117.6554
2,409,car,300.9121
2,410,car,958.1562
2,410,ped,30.7244
2,411,car,905.3001
2,412,car,265.9653
2,412,ped,17.0877
2,413,car,248.7291
2,415,car,169.5698
2,415,ped,61.8015
2,416,car,401.8955
2,416,ped,67.2731
2,417,car,82.7464
2,417,ped,62.3206
2,418,car,94.817
2,419,ped,60.5511
2,420,car,101.7857
2,420,ped,156.0735
2,421,car,230.086
2,421,ped,121.8334
2,422,car,266.0041
2,423,car,412.803
2,423,ped,28.4177
2,423,transit,30.0045
2,424,transit,16.307
2,425,car,140.2811
2,425,ped,123.3371
2,425,transit,8.2151
2,426,car,2111.552
2,426,ped,207.0086
2,427,ped,315.7007
2,428,car,119.2218
2,429,car,93.4248
2,429,ped,46.9859
2,430,car,135.1033
2,431,car,75.4916
2,432,ped,29.0352
2,434,car,804.5838
2,434,ped,1962.8647
2,435,car,412.8146
2,435,ped,1988.7069
2,436,car,953.8149
2,436,ped,1956.6948
2,437,car,140.7757
2,437,ped,704.9729
2,438,car,1062.3482
2,439,car,1257.145
2,440,car,935.2994
2,440,ped,718.1499
2,441,car,88.1657
2,442,car,2037.7404
2,442,ped,671.8108
2,443,car,1430.7588
2,443,ped,623.2245
2,444,car,537.9813
2,445,car,111.4637
2,445,ped,189.4683
2,446,car,489.7101
2,446,ped,57.201
2,447,car,744.1032
2,448,car,344.4966
2,449,car,70.9908
2,450,car,537.1553
2,450,ped,29.1467
2,451,car,212.2715
2,451,ped,64.8724
2,452,car,231.9972
2,453,car,135.3532
2,454,car,178.6801
2,455,car,182.8622
2,455,ped,13.3316
2,456,ped,31.6388
2,457,car,165.2391
2,458,car,230.086
2,458,ped,79.3621
2,459,car,329.1178
2,460,car,993.8359
2,460,transit,17.3501
2,461,car,1460.1538
2,461,ped,53.1555
2,462,car,165.8452
2,462,ped,59.428
2,463,car,1524.9075
2,463,ped,5.3608
2,464,car,431.7354
2,465,car,1087.7918
2,465,ped,109.1769
2,466,car,866.7858
2,466,ped,42.6107
2,467,car,239.9781
2,468,car,89.3853
2,469,car,359.4237
2,469,ped,1291.9597
2,470,car,405.6033
2,470,ped,1338.7563
2,471,car,663.6065
2,471,ped,38.1198
2,472,car,342.8843
2,472,ped,2112.9477
2,473,car,110.7953
2,473,ped,229.4258
2,474,car,1040.1404
2,475,car,919.3722
2,475,ped,697.2778
2,476,car,106.3427
2,476,ped,161.5858
2,477,car,231.0479
2,477,ped,594.9218
2,478,car,242.0236
2,479,ped,559.2964
2,480,car,259.2077
2,480,ped,458.9943
2,481,car,1114.999
2,481,ped,1209.4799
2,482,car,1814.3409
2,483,car,910.5943
2,483,ped,976.9062
2,484,car,55.9108
2,484,ped,946.0303
2,485,car,210.9952
2,485,ped,13.1393
2,486,car,70.9908
2,486,ped,19.691
2,487,car,101.7806
2,488,car,212.2715
2,488,ped,79.9605
2,489,car,410.972
2,489,ped,131.8291
2,490,car,17.297
2,490,ped,38.5329
2,491,car,182.8622
2,492,car,85.2624
2,493,car,222.0965
2,494,car,153.4779
2,495,car,767.7147
2,495,transit,37.4915
2,497,car,153.7647
2,497,transit,21.4681
2,498,car,135.9517
2,498,transit,6.7597
2,499,car,339.0792
2,499,ped,87.1194
2,500,car,170.4595
2,500,transit,2.1397
2,501,car,994.3844
2,501,transit,9.2123
2,502,ped,1073.2391
2,503,car,131.1221
2,503,ped,1146.4909
2,504,car,167.7356
2,504,ped,80.3061
2,505,car,93.8345
2,506,car,17.0567
2,507,car,771.2801
2,508,car,924.2812
2,508,ped,24.0583
2,509,car,57.6988
2,509,ped,172.0248
2,510,car,940.3581
2,510,ped,133.3232
2,511,car,133.3488
2,511,ped,140.3781
2,512,car,82.1462
2,513,car,173.9368
2,514,ped,27.3794
2,515,car,303.436
2,515,ped,427.6504
2,516,car,1629.2045
2,516,ped,110.4866
2,517,car,134.0962
2,517,ped,111.6204
2,518,car,55.9108
2,519,car,130.8996
2,519,ped,820.5859
2,520,car,70.9908
2,521,car,54.5361
2,521,ped,817.7715
2,522,car,203.8984
2,522,ped,787.3662
2,523,car,179.3808
2,524,car,330.3277
2,525,car,87.9114
2,525,ped,135.9925
2,526,car,94.817
2,526,ped,189.0237
2,527,car,250.9053
2,527,ped,82.926
2,528,car,417.8858
2,529,car,279.2512
2,529,transit,7.6625
2,530,car,518.9785
2,530,transit,23.0831
2,531,car,334.362
2,531,transit,22.0319
2,532,car,446.4703
2,532,ped,3.9563
2,532,transit,33.938
2,533,car,51.2541
2,534,car,371.8397
2,534,ped,70.9102
2,534,transit,8.5369
2,535,car,271.357
2,535,ped,326.8279
2,536,car,289.1412
2,536,ped,548.9985
2,536,transit,8.3728
2,537,car,816.9873
2,538,car,1011.9409
2,538,ped,552.2491
2,539,car,293.086
2,539,ped,553.4858
2,540,car,1278.0209
2,541,car,1050.2792
2,541,ped,27.2785
2,543,car,1076.213
2,544,car,1052.5576
2,545,car,1821.6602
2,546,car,20.9519
2,546,ped,125.2761
2,547,car,1122.8681
2,548,car,74.542
2,548,ped,120.6848
2,549,car,919.9536
2,550,car,647.6466
2,550,ped,166.015
2,551,car,1439.5699
2,551,ped,180.8973
2,552,car,619.6544
2,552,ped,224.7853
2,553,car,1219.2824
2,554,car,62.6095
2,555,car,1163.0004
2,556,car,141.0514
2,556,ped,36.294
2,557,car,912.0793
2,558,car,646.7032
2,559,car,306.1301
2,561,car,89.8675
2,561,ped,782.6107
2,562,car,425.1447
2,562,ped,593.1979
2,563,car,170.4636
2,563,ped,218.1185
2,565,car,115.4866
2,565,ped,113.1565
2,566,ped,201.4446
2,567,car,144.905
2,567,ped,188.7899
2,569,car,252.6953
2,570,ped,58.3604
2,570,transit,7.8852
2,571,ped,144.1567
2,572,car,342.2287
2,572,ped,114.7071
2,573,car,298.1505
2,574,car,715.8069
2,574,ped,424.4698
2,575,ped,438.3734
2,576,car,73.5755
2,577,car,53.0051
2,577,ped,60.0411
2,578,car,82.1462
2,579,car,90.1862
2,579,ped,32.4335
2,580,car,166.4734
2,581,car,649.4601
2,581,ped,81.9715
2,582,car,273.4034
2,583,car,504.3051
2,583,ped,342.1489
2,584,car,619.3787
2,584,ped,370.8041
2,586,car,586.4872
2,586,ped,249.2688
2,587,car,88.1657
2,587,ped,54.6914
2,588,car,112.7774
2,588,ped,61.5512
2,589,car,506.5857
2,589,ped,194.9373
2,590,car,112.7774
2,590,ped,65.0659
2,591,car,112.7774
2,591,ped,40.9853
2,592,car,221.7239
2,593,car,19.9076
2,594,car,150.7709
2,594,ped,17.1349
2,595,car,471.289
2,596,car,85.542
2,597,car,365.8394
2,597,ped,30.2039
2,598,car,534.0284
2,598,ped,506.4949
2,599,car,167.7503
2,600,car,79.6497
2,600,ped,30.6345
2,601,car,74.5335
2,602,car,152.2337
2,602,ped,153.5385
2,603,car,173.5159
2,604,car,46.3816
2,605,car,302.1636
2,605,ped,43.4536
2,606,car,324.6842
2,607,ped,75.1646
2,608,car,193.7965
2,609,car,90.8477
2,609,ped,19.3943
2,610,car,637.7965
2,610,ped,423.0675
2,611,car,444.117
2,611,ped,271.3477
2,612,car,311.4721
2,612,ped,182.6535
2,613,car,232.2904
2,613,ped,128.0783
2,615,car,441.0636
2,615,ped,55.9348
2,616,car,1070.0797
2,616,ped,41.2258
2,617,car,894.2099
2,618,car,191.3761
2,618,ped,333.0689
2,619,car,493.9042
2,619,ped,5.219
2,620,car,10.4585
2,621,car,438.3278
2,622,car,423.8189
2,622,ped,20.7815
2,623,car,14.5089
2,624,car,367.9964
2,624,ped,179.1318
2,625,car,59.585
2,626,car,55.9108
2,627,car,55.9108
2,628,car,92.8698
2,629,car,221.2256
2,629,ped,135.7481
2,630,ped,32.9008
2,632,car,386.0957
2,632,ped,488.6869
2,633,car,134.1655
2,633,ped,14.9154
2,636,car,81.2218
2,637,car,22.9611
2,637,ped,198.9945
2,638,ped,141.0901
2,639,car,193.3711
2,640,car,303.4801
2,640,ped,30.9251
2,641,car,713.5793
2,642,car,44.6824
2,643,car,633.3158
2,644,car,683.7409
2,644,ped,13.0594
2,645,car,191.0939
2,646,car,978.8931
2,646,ped,205.5657
2,647,car,79.6973
2,647,ped,124.9512
2,648,car,771.948
2,648,ped,147.8256
2,649,car,51.6769
2,649,ped,34.4208
2,650,car,847.9144
2,650,ped,147.3419
2,651,car,169.0839
2,651,ped,218.9956
2,652,car,79.0641
2,652,ped,264.8253
2,653,car,97.8802
2,653,ped,54.6479
2,654,car,74.5335
2,655,car,295.2535
2,656,car,162.0186
2,656,ped,90.9816
2,657,car,548.3062
2,657,ped,52.06
2,658,car,69.1803
2,659,car,445.3536
2,659,ped,1.4996
2,660,car,441.4547
2,661,car,116.8127
2,661,ped,44.9326
2,662,car,144.0117
2,662,ped,195.6301
2,663,car,32.9791
2,664,car,60.4935
2,664,ped,232.1559
2,665,car,206.1018
2,665,ped,151.3332
2,666,car,60.4935
2,666,ped,81.3563
2,668,car,7.5264
2,668,ped,34.1339
2,669,car,7.5264
2,670,car,235.4581
2,670,ped,88.0564
2,671,ped,17.1855
2,672,car,179.2968
2,673,ped,58.8555
2,676,car,33.9545
2,676,ped,241.9297
2,677,car,70.4547
2,677,ped,27.098
2,678,car,70.4547
2,678,ped,55.7647
2,679,car,35.5941
2,679,ped,18.0288
2,680,ped,20.4312
2,682,car,105.2755
2,682,ped,73.4392
2,683,car,20.745
2,683,ped,50.7685
3,1,car,34.8551
3,1,ped,32.5564
3,3,car,136.1158
3,4,car,188.473
3,4,ped,33.8338
3,5,car,158.6629
3,6,ped,29.2971
3,7,car,129.0622
3,8,ped,35.3214
3,8,transit,7.8659
3,9,car,156.1402
3,9,transit,20.3498
3,10,car,271.2742
3,10,transit,69.743
3,11,car,98.6702
3,11,ped,23.5221
3,11,transit,30.9368
3,12,car,162.9367
3,13,car,63.1704
3,13,transit,23.3629
3,14,car,86.5105
3,14,transit,12.0425
3,15,car,307.4794
3,15,ped,90.9701
3,15,transit,22.66
3,16,car,192.2665
3,16,transit,23.9268
3,17,car,63.1704
3,17,ped,144.4441
3,18,car,46.6363
3,19,car,63.1704
3,19,ped,198.4258
3,20,car,97.9875
3,21,car,63.1704
3,21,ped,236.1133
3,22,car,162.7253
3,22,ped,388.1349
3,23,car,82.6964
3,23,ped,123.7566
3,24,car,28.3153
3,24,ped,98.3873
3,25,car,87.422
3,25,ped,53.2674
3,26,car,28.3153
3,27,car,23.9407
3,28,car,28.3153
3,28,ped,9.208
3,29,car,10.8799
3,29,ped,18.0002
3,31,car,127.7693
3,31,ped,15.8372
3,32,car,192.7622
3,32,ped,30.1869
3,34,car,46.2783
3,34,ped,17.7993
3,36,car,6.2113
3,36,ped,24.879
3,37,car,14.5218
3,38,car,186.0808
3,38,ped,77.5332
3,39,car,51.1281
3,40,car,184.253
3,40,ped,70.8193
3,41,car,29.6007
3,41,ped,66.9593
3,42,car,286.5636
3,42,ped,31.566
3,43,car,38.1743
3,44,car,294.1446
3,45,ped,76.6882
3,45,transit,18.5689
3,46,car,259.5389
3,47,car,656.8906
3,47,ped,26.3757
3,47,transit,93.3105
3,48,car,115.0415
3,48,transit,92.2616
3,49,car,505.7703
3,49,ped,24.7305
3,49,transit,100.0354
3,50,car,181.7017
3,50,ped,61.7941
3,50,transit,12.1032
3,51,ped,73.6756
3,51,transit,14.6448
3,52,car,261.2799
3,52,transit,27.9541
3,54,car,77.964
3,54,transit,19.2129
3,55,ped,48.0322
3,55,transit,14.3932
3,56,car,191.5435
3,57,car,1350.7397
3,57,ped,392.7054
3,58,car,1245.8413
3,60,car,1173.8192
3,62,car,1080.6499
3,63,car,85.087
3,63,ped,1.609
3,64,car,980.1199
3,65,car,131.6215
3,65,ped,52.6652
3,66,car,879.4298
3,66,ped,57.2788
3,67,car,629.1126
3,68,ped,133.5113
3,69,car,380.5435
3,69,ped,62.2191
3,70,car,59.5062
3,70,ped,5.3122
3,71,car,193.5245
3,71,ped,47.5528
3,73,car,105.1769
3,73,transit,13.9469
3,74,car,236.0665
3,74,ped,34.2848
3,74,transit,49.1229
3,75,car,183.5028
3,75,transit,7.1649
3,76,car,76.1725
3,76,transit,7.8659
3,77,car,183.5028
3,77,ped,34.3646
3,78,car,96.3185
3,78,ped,28.6277
3,78,transit,114.0208
3,79,car,139.5296
3,79,transit,114.0814
3,80,car,135.8065
3,80,ped,74.8959
3,80,transit,104.1762
3,81,car,742.2926
3,81,ped,134.3389
3,81,transit,10.4564
3,82,car,135.8065
3,83,car,686.1343
3,84,car,532.2764
3,84,ped,54.8367
3,84,transit,76.9838
3,85,car,1180.1974
3,85,transit,14.8287
3,86,car,1648.1746
3,86,transit,65.7485
3,87,car,58.8086
3,87,ped,116.8486
3,87,transit,12.0253
3,88,car,1645.5963
3,88,transit,44.9542
3,89,car,1495.5051
3,89,ped,62.6921
3,90,car,1213.0894
3,91,car,842.5862
3,91,ped,503.2225
3,92,car,85.36
3,92,ped,32.8308
3,95,car,106.0052
3,95,ped,69.2836
3,97,car,203.5104
3,97,ped,27.2086
3,98,ped,56.3153
3,99,car,186.2006
3,99,ped,24.6988
3,100,car,201.708
3,100,ped,18.1312
3,101,car,136.0074
3,101,ped,39.1534
3,102,car,80.9797
3,102,ped,198.1085
3,103,car,163.6466
3,104,car,128.3614
3,105,car,83.8092
3,105,ped,78.8025
3,107,car,112.193
3,107,transit,23.8336
3,108,car,239.3473
3,109,car,51.4537
3,109,ped,58.6842
3,109,transit,70.9323
3,110,car,266.8284
3,110,ped,71.9398
3,110,transit,35.2037
3,111,car,212.93
3,111,transit,113.0296
3,113,car,175.6457
3,114,car,392.9159
3,114,ped,99.3689
3,115,car,560.1024
3,115,ped,134.1819
3,115,transit,6.2627
3,116,car,764.2482
3,117,car,562.8153
3,117,ped,5.3627
3,118,car,755.7392
3,119,car,1935.3637
3,119,ped,11.3704
3,121,car,136.9727
3,121,ped,146.9117
3,122,car,282.1291
3,122,ped,196.0504
3,123,car,242.6987
3,124,ped,566.2515
3,125,car,231.908
3,125,ped,529.3722
3,126,car,548.2195
3,127,car,396.5607
3,128,car,563.1134
3,128,ped,44.9974
3,129,car,918.8461
3,131,car,936.6639
3,132,car,85.087
3,133,car,830.8717
3,134,car,682.6238
3,135,car,188.8775
3,136,car,65.7006
3,137,car,84.3799
3,138,car,104.8891
3,138,ped,234.6233
3,139,car,396.9221
3,139,ped,419.7872
3,140,car,148.1041
3,140,ped,131.4852
3,142,ped,26.4626
3,143,car,86.2139
3,144,car,419.0536
3,144,ped,50.5492
3,145,car,85.6235
3,145,ped,53.5757
3,146,car,283.3637
3,146,transit,29.5442
3,148,car,75.6581
3,149,car,412.6795
3,150,ped,107.7577
3,151,car,1521.3029
3,151,ped,42.8078
3,152,car,1570.4305
3,152,ped,145.9026
3,153,car,147.9234
3,153,ped,100.3
3,154,car,1261.8998
3,154,ped,20.7246
3,155,car,914.6601
3,156,car,920.2883
3,158,car,444.9584
3,159,car,117.951
3,159,ped,213.3113
3,160,ped,745.5618
3,161,car,185.8767
3,162,car,588.3281
3,163,car,185.8767
3,164,car,578.6771
3,164,ped,53.2874
3,165,car,141.6605
3,166,car,107.0846
3,167,car,91.133
3,167,ped,2.3254
3,168,car,107.0846
3,169,car,759.4407
3,169,ped,22.548
3,170,car,56.6604
3,170,ped,58.8243
3,171,car,65.7006
3,171,ped,102.2732
3,172,car,39.1588
3,173,car,195.929
3,173,ped,37.1498
3,174,car,13.701
3,175,car,434.2478
3,175,ped,434.2899
3,176,car,96.8194
3,177,car,7.823
3,178,car,31.3277
3,178,ped,29.4714
3,179,car,544.7604
3,180,car,386.4407
3,180,ped,30.451
3,180,transit,13.357
3,181,car,222.1683
3,182,car,2033.8023
3,183,car,1655.5222
3,183,ped,31.6577
3,184,car,254.8348
3,185,car,293.9078
3,186,car,224.3
3,187,car,411.8588
3,187,ped,84.3099
3,188,car,435.8994
3,188,ped,7.2072
3,189,car,133.0068
3,190,car,1286.7956
3,191,car,1216.3761
3,191,ped,4.1616
3,192,car,71.5204
3,192,ped,722.0673
3,193,car,659.8485
3,194,car,1.5485
3,194,ped,722.6629
3,195,car,713.9062
3,195,ped,832.7808
3,196,car,238.3348
3,197,ped,30.8701
3,198,car,103.2639
3,199,car,6.0461
3,200,car,167.0994
3,200,ped,14.3602
3,201,car,577.0991
3,202,car,792.1201
3,202,ped,906.8558
3,203,car,341.6632
3,203,ped,818.0166
3,204,car,127.9161
3,204,ped,749.041
3,205,car,803.7332
3,205,ped,308.5247
3,206,car,127.6946
3,206,ped,66.8951
3,207,car,72.714
3,209,car,335.4399
3,210,car,214.1506
3,211,car,655.6414
3,211,ped,51.0264
3,212,car,493.3944
3,212,ped,73.8577
3,213,car,1116.1429
3,213,ped,92.3761
3,214,car,785.105
3,215,car,258.3673
3,215,ped,57.214
3,216,car,1803.9843
3,217,car,320.4475
3,218,car,135.3894
3,218,ped,78.7438
3,219,ped,93.941
3,220,car,232.9428
3,221,car,222.7966
3,222,car,85.6897
3,222,ped,46.476
3,223,ped,79.6305
3,224,car,38.8848
3,225,car,1242.4085
3,225,ped,38.3331
3,226,car,57.6749
3,226,ped,27.7872
3,227,car,1161.0108
3,228,car,606.1317
3,228,ped,42.0407
3,229,car,284.8518
3,229,ped,882.602
3,230,car,396.3523
3,231,car,41.6433
3,232,car,172.8481
3,233,car,37.3366
3,234,car,72.7809
3,236,car,878.444
3,236,ped,940.0573
3,237,car,672.3967
3,238,car,602.4396
3,238,ped,58.6295
3,239,car,204.3398
3,239,ped,84.3327
3,240,car,119.6891
3,240,ped,148.059
3,241,car,161.7612
3,241,ped,80.4068
3,242,car,89.0002
3,242,ped,62.5596
3,243,car,324.7317
3,244,car,273.2361
3,245,car,293.8131
3,246,car,135.6813
3,246,ped,64.6618
3,247,car,626.5044
3,247,ped,48.9606
3,248,car,1650.339
3,249,car,2315.792
3,250,car,489.9262
3,251,car,416.5502
3,251,ped,88.894
3,252,car,207.4026
3,252,ped,119.0414
3,253,car,157.5688
3,253,ped,232.1492
3,254,car,341.4831
3,254,ped,418.6304
3,255,car,194.9054
3,255,ped,155.1928
3,257,car,277.5722
3,258,car,272.3056
3,259,car,1309.113
3,260,car,1762.9981
3,260,ped,8.5337
3,261,car,819.2821
3,262,car,440.6161
3,263,car,41.6433
3,264,car,246.5525
3,264,ped,914.8842
3,265,car,121.6577
3,266,car,411.6373
3,266,ped,8.8793
3,267,car,223.1702
3,268,car,89.5585
3,269,car,105.0724
3,269,ped,990.5502
3,270,car,89.5585
3,270,ped,978.1304
3,271,car,1426.9057
3,272,car,737.0101
3,273,car,18.6461
3,273,ped,11.3255
3,274,ped,43.3827
3,275,car,221.4826
3,277,car,156.136
3,277,ped,31.1153
3,278,car,184.2645
3,279,car,106.0207
3,279,ped,82.0859
3,280,car,441.9221
3,281,car,259.7262
3,281,ped,50.0746
3,282,car,626.6616
3,283,car,612.8034
3,285,car,2482.4715
3,286,ped,33.8363
3,287,car,433.5213
3,287,ped,37.9819
3,288,car,244.5707
3,290,car,370.4631
3,290,ped,444.1368
3,291,car,54.7074
3,292,car,34.5759
3,292,ped,21.0413
3,293,car,166.3223
3,293,ped,31.2945
3,294,ped,79.8002
3,295,car,1652.3315
3,296,car,315.3621
3,296,ped,103.4788
3,297,car,482.2594
3,297,ped,127.4091
3,298,car,229.4016
3,298,ped,191.9758
3,299,car,664.2067
3,299,ped,32.4184
3,300,car,725.4799
3,300,ped,1099.1172
3,301,car,49.2978
3,302,car,498.706
3,302,ped,1117.4054
3,303,car,85.087
3,303,ped,1928.1883
3,304,car,440.9036
3,304,ped,1145.8809
3,305,car,161.1944
3,306,car,259.7409
3,306,ped,205.2484
3,307,car,1464.8599
3,307,ped,168.3536
3,308,car,192.2321
3,309,car,162.7858
3,310,car,370.1783
3,311,car,94.1904
3,311,ped,24.7621
3,312,car,129.3719
3,312,ped,22.2336
3,313,car,209.7366
3,314,car,604.8512
3,315,ped,158.4625
3,316,car,196.2143
3,317,car,2591.3603
3,317,ped,68.8529
3,318,car,151.4997
3,320,car,63.5253
3,321,car,272.7964
3,321,ped,28.0073
3,322,car,374.4851
3,322,ped,79.5388
3,324,car,451.074
3,324,ped,575.8373
3,325,car,823.6676
3,325,ped,597.3427
3,326,car,947.3993
3,327,car,945.1411
3,328,car,1448.6558
3,328,ped,46.22
3,329,car,132.4999
3,329,ped,95.7717
3,330,car,997.4898
3,331,car,726.8803
3,332,car,168.1284
3,333,car,214.7571
3,334,car,212.6285
3,334,ped,1980.3615
3,335,car,153.4935
3,335,ped,1928.8219
3,336,car,103.687
3,337,car,120.1336
3,338,car,72.7809
3,339,car,112.4226
3,339,ped,31.0394
3,340,car,1448.2817
3,341,car,233.9506
3,341,ped,117.7
3,342,ped,100.8174
3,343,car,224.524
3,343,ped,13.2569
3,344,car,560.2342
3,345,car,60.4163
3,346,car,147.8932
3,347,car,266.1165
3,347,ped,59.2961
3,348,car,251.0258
3,349,car,609.4761
3,349,ped,36.3283
3,351,car,163.8459
3,351,ped,151.2114
3,352,car,40.828
3,353,car,2734.3958
3,353,ped,131.1435
3,354,car,137.9302
3,354,ped,38.0306
3,355,ped,18.2221
3,356,car,136.3233
3,357,car,168.1152
3,358,car,39.0046
3,358,ped,688.3506
3,359,car,44.8783
3,359,ped,673.3489
3,360,car,910.8276
3,361,car,209.0925
3,361,ped,29.6124
3,362,car,38.7177
3,363,car,247.3671
3,364,car,312.3796
3,365,car,1248.5739
3,365,ped,38.9449
3,366,car,1839.5788
3,368,car,112.7539
3,368,ped,2045.9378
3,369,ped,2013.8787
3,370,car,556.8836
3,370,ped,37.7326
3,371,car,405.5498
3,372,car,103.687
3,372,ped,124.201
3,373,car,377.4834
3,373,ped,84.0206
3,375,car,410.5871
3,376,car,1162.4722
3,377,car,68.9746
3,377,ped,59.5864
3,380,car,444.4319
3,381,car,159.8905
3,381,ped,17.7718
3,382,car,16.0413
3,383,car,47.8906
3,383,ped,43.9258
3,384,car,95.1913
3,385,car,612.3475
3,385,ped,318.8406
3,386,car,804.4704
3,386,ped,396.9774
3,387,car,882.5742
3,387,ped,476.8625
3,388,car,64.4344
3,388,ped,145.9084
3,389,car,1355.9884
3,389,ped,819.023
3,390,car,2621.4796
3,391,car,1746.2889
3,391,ped,902.2882
3,392,car,325.0188
3,392,ped,280.3189
3,393,car,2010.6515
3,393,ped,1208.058
3,394,car,2095.7494
3,394,ped,1260.7737
3,395,car,2197.3258
3,395,ped,1722.1773
3,396,car,912.9303
3,396,ped,1751.8242
3,397,car,1147.2385
3,398,car,453.7402
3,398,ped,6.6966
3,399,car,714.8048
3,400,car,312.3796
3,400,ped,1434.9263
3,401,car,686.3791
3,401,ped,1433.7056
3,402,car,838.1375
3,402,ped,660.79
3,403,car,1853.4044
3,403,ped,2039.9746
3,404,car,987.1049
3,405,car,835.0932
3,406,car,198.5191
3,407,car,440.5816
3,408,car,18.6001
3,408,ped,169.5172
3,409,car,497.9977
3,410,car,719.1809
3,410,ped,35.3276
3,411,car,1046.9029
3,412,car,551.1421
3,412,ped,39.9948
3,413,car,306.8317
3,415,car,229.0936
3,415,ped,66.458
3,416,car,448.8742
3,416,ped,93.786
3,417,car,256.0948
3,417,ped,26.0812
3,419,car,59.18
3,419,ped,51.0497
3,420,car,269.7393
3,420,ped,136.7607
3,421,car,245.016
3,421,ped,122.2789
3,422,car,220.0269
3,423,car,343.617
3,423,ped,42.0243
3,423,transit,23.9724
3,424,car,115.1579
3,424,transit,8.1268
3,425,ped,59.6764
3,425,transit,0.3232
3,426,car,2721.7584
3,426,ped,118.5612
3,427,ped,134.7992
3,428,car,175.3624
3,429,car,112.2672
3,429,ped,123.9677
3,430,car,28.0664
3,431,car,279.6882
3,432,car,158.8955
3,432,ped,29.9832
3,433,car,226.1297
3,434,car,597.5048
3,434,ped,1758.1614
3,435,car,341.5007
3,435,ped,1896.3292
3,436,car,653.3438
3,436,ped,1937.2497
3,437,car,76.009
3,437,ped,845.2335
3,438,car,658.7639
3,439,car,1139.1484
3,440,car,793.7915
3,440,ped,656.7488
3,442,car,1831.4372
3,442,ped,637.31
3,443,car,1362.7516
3,443,ped,663.0959
3,444,car,686.5901
3,445,car,18.6001
3,445,ped,277.641
3,446,car,726.3004
3,446,ped,92.8506
3,447,car,533.5129
3,448,car,474.0898
3,449,car,288.7024
3,450,car,669.8129
3,450,ped,105.4701
3,451,car,332.3404
3,451,ped,141.6778
3,452,car,211.1598
3,453,car,305.9715
3,454,car,129.764
3,455,car,142.7989
3,455,ped,40.25
3,456,car,59.18
3,456,ped,32.8821
3,457,car,101.9432
3,458,car,245.016
3,458,ped,25.5465
3,459,car,245.2995
3,460,car,1166.1074
3,460,transit,28.619
3,461,car,1270.8667
3,461,ped,59.2365
3,462,car,139.3565
3,462,ped,30.7387
3,463,car,1586.7084
3,463,ped,25.143
3,464,car,362.0161
3,465,car,1398.7815
3,465,ped,85.2362
3,466,car,1339.9762
3,466,ped,55.9419
3,467,car,104.662
3,468,car,108.3223
3,469,car,361.4627
3,469,ped,915.0116
3,470,car,463.1414
3,470,ped,957.4958
3,471,car,607.1307
3,471,ped,12.3169
3,472,car,373.1237
3,472,ped,2205.0414
3,473,ped,492.9737
3,474,car,1142.2286
3,475,car,1047.0575
3,475,ped,837.8634
3,476,car,56.0117
3,476,ped,165.8429
3,477,car,150.7234
3,477,ped,704.7795
3,478,car,93.2057
3,479,car,131.7714
3,479,ped,676.2204
3,480,car,215.2317
3,480,ped,347.8125
3,481,car,1221.7735
3,481,ped,1368.4284
3,482,car,1552.9344
3,483,car,654.925
3,483,ped,1277.4799
3,484,ped,1268.5958
3,485,car,85.9833
3,485,ped,20.0768
3,486,car,288.7024
3,487,car,33.7837
3,488,car,270.3352
3,488,ped,181.0285
3,489,car,501.6946
3,489,ped,323.3397
3,490,car,17.4603
3,490,ped,83.2418
3,491,car,142.7989
3,492,car,214.2518
3,493,car,178.5951
3,494,car,331.8377
3,495,car,1066.7777
3,495,transit,34.6019
3,497,car,109.3059
3,497,transit,14.1867
3,498,transit,7.3017
3,499,car,248.618
3,499,ped,29.7558
3,500,car,77.3651
3,500,transit,9.3928
3,501,car,1464.8027
3,501,transit,2.0911
3,502,car,63.4725
3,502,ped,814.6736
3,503,car,128.9656
3,503,ped,825.8961
3,504,car,218.8216
3,504,ped,54.1107
3,505,car,149.0464
3,506,car,127.4526
3,507,car,660.7486
3,508,car,552.4263
3,508,ped,24.0906
3,509,car,19.1621
3,509,ped,407.1699
3,510,car,1136.6006
3,510,ped,437.3147
3,511,car,67.5256
3,511,ped,187.3859
3,512,car,67.5256
3,513,car,93.2057
3,514,ped,55.5838
3,515,car,217.9445
3,515,ped,275.2936
3,516,car,1471.7523
3,516,ped,66.1483
3,517,car,224.6573
3,517,ped,92.8623
3,519,car,148.3557
3,519,ped,1174.5385
3,520,car,199.9094
3,521,car,220.481
3,521,ped,1159.4955
3,522,car,183.0352
3,522,ped,1129.9586
3,523,car,149.1344
3,524,car,490.8147
3,525,car,138.0267
3,525,ped,376.3005
3,526,car,78.2798
3,526,ped,507.0601
3,527,car,305.5898
3,527,ped,53.9266
3,528,car,430.5371
3,529,car,178.3074
3,529,transit,8.0312
3,530,car,510.6035
3,530,transit,19.4349
3,531,car,536.085
3,531,transit,23.1078
3,532,car,297.5357
3,532,ped,15.6292
3,532,transit,47.6124
3,533,transit,7.8285
3,534,car,351.9571
3,534,ped,83.326
3,534,transit,25.01
3,535,car,258.2942
3,535,ped,221.7287
3,536,car,297.6821
3,536,ped,394.8107
3,536,transit,15.5872
3,537,car,1604.5093
3,538,car,724.7728
3,538,ped,398.0153
3,539,car,282.247
3,539,ped,562.6921
3,540,car,977.6166
3,541,car,852.5483
3,541,ped,25.6015
3,542,car,83.0555
3,543,car,919.1123
3,544,car,872.768
3,545,car,1799.4795
3,546,car,23.613
3,546,ped,445.2544
3,547,car,886.879
3,548,car,13.1938
3,548,ped,142.3777
3,549,car,753.6
3,550,car,736.9438
3,550,ped,152.1885
3,551,car,1281.6873
3,551,ped,130.2155
3,552,car,395.902
3,552,ped,123.6245
3,553,car,987.8451
3,555,car,1236.5028
3,556,car,188.0736
3,556,ped,35.5857
3,557,car,1062.1738
3,558,car,1103.8034
3,559,car,127.5797
3,560,car,88.793
3,561,car,20.5241
3,561,ped,1158.5001
3,562,car,490.8147
3,562,ped,676.8256
3,563,ped,476.9525
3,565,car,204.6983
3,565,ped,94.7346
3,566,ped,97.5384
3,567,car,99.9256
3,567,ped,136.3214
3,569,car,347.5641
3,570,car,50.8855
3,570,ped,34.1206
3,571,car,47.3579
3,571,ped,66.0571
3,572,car,317.7001
3,572,ped,122.2394
3,573,car,330.4229
3,574,car,1297.4565
3,574,ped,374.0953
3,575,car,47.3579
3,575,ped,421.5532
3,576,car,195.6336
3,577,car,47.3579
3,577,ped,97.0573
3,578,car,144.1801
3,579,car,182.0458
3,579,ped,78.8428
3,580,car,236.625
3,581,car,707.3396
3,581,ped,34.4455
3,582,car,21.6326
3,583,car,401.5689
3,583,ped,370.3083
3,584,car,449.1855
3,584,ped,594.9951
3,585,car,13.1938
3,586,car,482.9692
3,586,ped,508.697
3,587,car,171.2763
3,587,ped,57.6678
3,588,ped,294.0211
3,589,car,327.5631
3,589,ped,304.6525
3,590,ped,86.7088
3,591,car,64.5191
3,591,ped,40.3508
3,592,car,69.5218
3,594,car,484.3976
3,594,ped,17.3003
3,595,car,668.0518
3,597,car,647.971
3,597,ped,22.9966
3,598,car,765.1328
3,598,ped,592.352
3,599,car,205.6453
3,600,car,92.652
3,600,ped,56.04
3,601,car,34.8091
3,602,ped,170.185
3,603,car,164.9534
3,604,car,147.5091
3,605,car,124.7988
3,605,ped,24.6612
3,606,car,147.5205
3,607,car,168.7731
3,607,ped,72.6913
3,608,car,186.2651
3,609,car,92.1616
3,609,ped,99.0219
3,610,car,1135.0867
3,610,ped,248.3642
3,611,car,576.8181
3,611,ped,210.2591
3,612,car,653.6064
3,612,ped,120.8482
3,613,car,735.4697
3,613,ped,89.3623
3,615,car,599.8804
3,615,ped,22.9807
3,616,car,1304.7523
3,616,ped,26.1253
3,617,car,995.4491
3,618,car,136.1957
3,618,ped,366.3639
3,619,car,494.655
3,620,ped,5.0745
3,621,car,494.655
3,622,car,480.9156
3,622,ped,20.786
3,623,car,99.5578
3,624,car,266.8345
3,624,ped,232.7434
3,625,car,145.7937
3,627,car,85.065
3,628,car,85.065
3,629,car,332.5503
3,629,ped,89.107
3,630,car,85.065
3,630,ped,36.6618
3,632,car,662.6706
3,632,ped,517.9879
3,633,car,46.6919
3,633,ped,31.9049
3,634,car,29.1795
3,635,car,79.3179
3,637,car,88.0328
3,637,ped,166.833
3,638,ped,155.6175
3,639,car,132.064
3,640,car,511.1918
3,640,ped,27.5349
3,641,car,820.268
3,642,car,90.0742
3,643,car,714.7061
3,644,car,764.9621
3,645,car,90.6975
3,646,car,1029.4103
3,646,ped,185.7309
3,647,car,38.5862
3,647,ped,88.1279
3,648,car,1081.2864
3,648,ped,147.583
3,649,car,179.5635
3,649,ped,62.9535
3,650,car,1117.3105
3,650,ped,208.1652
3,651,car,185.8
3,651,ped,254.445
3,652,ped,299.7805
3,653,car,85.9131
3,653,ped,62.5305
3,654,car,96.0718
3,655,car,101.2284
3,656,car,227.9595
3,656,ped,144.6107
3,657,car,381.7549
3,657,ped,23.844
3,658,car,40.0401
3,659,car,283.6547
3,659,ped,1.5132
3,660,car,279.7203
3,661,car,154.5263
3,661,ped,115.9234
3,662,car,231.2568
3,662,ped,220.1203
3,663,car,107.9467
3,664,car,74.0124
3,664,ped,263.1716
3,665,car,222.0462
3,665,ped,160.2984
3,666,car,366.081
3,666,ped,78.9451
3,668,car,66.6686
3,668,ped,34.3148
3,669,car,205.688
3,670,car,445.395
3,670,ped,69.0658
3,671,ped,16.2245
3,672,car,5.7577
3,673,ped,76.2528
3,676,car,116.1573
3,676,ped,307.8959
3,677,car,73.1944
3,677,ped,28.1517
3,678,car,281.8332
3,678,ped,111.7013
3,679,car,6.0953
3,679,ped,50.0639
3,680,car,91.95
3,680,ped,91.8556
3,682,car,6.2113
3,682,ped,71.9729
3,683,car,162.9135
3,683,ped,50.5424
